sample_id,se1_date,camp,surveyors,village,tapstand_code,se1_time,se1_frc,se1_trc,se1_turb,se1_wattemp,se1_ph,se1_orp,se1_cond,se1_airtemp,resp_consent,sa_tap,sa_hands,sa_cont,sa_cover,sa_clean,sa_opacity,sa_colour,se2_time,se2_frc,se2_trc,se2_turb,se2_wattemp,se2_ph,se2_orp,se2_cond,hh_steps1,hh_idsteps1,hh_distance1,hh_steps2,hh_idsteps2,hh_distance2,hh_steps3,hh_idsteps3,hh_distance3,hh_avedistance,hh_gpsdistance,hh_timestart,hh_timeend,hh_time,Tent GPS coord.,se3_time,se3_frc,se3_trc,se3_turb,se3_wattemp,se3_ph,se3_orp,se3_cond,wu_numtrips,wu_longevity,se4_date,se4_time,se4_frc,se4_trc,se4_turb,se4_wattemp,se4_ph,se4_orp,se4_cond,se4_airtemp,sb_watertransfer,sb_watermix,sb_waterused,sb_waterleft,sb_drawing,sb_cont,sb_cover,sb_clean,sb_opacity,sb_colour
I1,"March 20, 2013",Jamam,"Imran, Simon, Thomas",Kamirol,TC1,9:38:00,0.75,0.74,2.16,29.8,7.79,570,2.37,31.3,Y,4,1,4,1,1,1,5,9:57:00,0.48,0.51,2.43,29.1,7.86,582,2.16,55,I,44,110,S,80,106,T,88,71,,9:59:00,10:01:00,0:02:00,,10:18:00,0.73,0.70,2.59,30.6,7.84,573,2.18,3,2 hrs,"March 20, 2013",15:21:00,0.23,0.33,3.56,36.1,7.72,382,2.36,39.5,,,,,2,4,1,1,1,5
I2,"March 20, 2013",Jamam,"Imran, Simon, Thomas",Kamirol,TC1,10:47:00,0.73,0.73,2.56,29.2,7.81,492,2.49,34.2,Y,4,1,5,2,3,2,5,10:58:00,0.65,0.65,4.62,30.2,7.81,510,2.45,145,S,106,120,T,100,,,,103,,11:12:00,11:14:00,0:02:00,,11:30:00,0.45,0.45,3.61,30.9,7.74,552,2.22,4,1 hr,"March 20, 2013",15:41:00,0.79,0.75,4.17,35.8,7.87,552,2.19,40.1,,,,,3,4,1,1,1,5
S1,"March 20, 2013",Jamam,"Simon, Thomas, Imran",Kamirol,TC1,11:44:00,0.64,0.64,2.12,31.1,7.80,505,2.38,39.0,Y,4,1,4,1,1,1,5,12:09:00,0.47,0.41,3.43,33.1,7.76,334,2.33,290,S,212,250,T,208,,,,210,,12:23:00,12:27:00,0:04:00,,12:27:00,0.46,0.50,4.14,32.1,7.72,371,2.18,4,2 hrs,"March 20, 2013",16:00:00,0.21,0.24,5.85,36.6,7.78,299,2.35,40.0,,,,,3,4,1,1,1,5
I3,"March 21, 2013",Jamam,"Imran, Thomas, Alfaki",Mifol,TS1,10:34:00,0.39,0.44,2.04,31.0,7.42,464,2.23,32.3,Y,4,2,1,1,1,1,4,10:54:00,0.32,0.38,2.04,30.7,7.54,483,2.21,143,I,114,98,T,81,133,L,105,100,,11:02:00,11:04:00,0:02:00,,11:07:00,0.36,0.37,2.55,31.4,7.47,451,2.24,5,0.5 hr,"March 21, 2013",16:22:00,0.22,0.22,4.57,35.5,7.47,396,2.27,40.3,2,2,,,1,1,1,1,1,4
I4,"March 21, 2013",Jamam,"Imran, Thomas, Alfaki",Mifol,TS3,11:30:00,0.45,0.46,1.55,32.5,7.32,489,2.23,41.7,Y,4,,2,1,2,2,2,11:40:00,0.37,0.45,2.15,32.5,7.44,485,2.37,200,I,160,140,T,116,144,L,114,130,,11:51:00,11:53:00,0:02:00,,11:59:00,0.20,0.22,2.98,33.6,7.42,458,2.38,2,afternoon,"March 21, 2013",16:52:00,0.06,0.11,1.63,38.7,7.35,242,2.38,42.1,2,2,2,,3,2,1,2,2,2
T1,"March 21, 2013",Jamam,"Thomas, Imran, Alfaki",Mifol,TS1,12:30:00,0.36,0.37,3.05,31.5,7.34,463,2.37,34.3,Y,4,,4,2,1,1,5,13:05:00,0.37,0.37,2.32,31.5,7.38,474,2.24,300,T,249,400,L,316,,,,283,,13:25:00,13:35:00,0:10:00,,13:36:00,0.37,0.37,1.96,32.4,7.43,481,2.28,4,afternoon,"March 21, 2013",15:25:00,0.07,0.15,20.20,36.6,7.60,282,2.24,42.2,2,2,2,,2,4,2,1,1,5
S2,"March 21, 2013",Jamam,"Simon, Abdalbagi",Soda South,TS5,9:11:00,0.21,0.22,1.72,31.7,7.44,397,2.23,32.3,Y,4,1,5,2,3,1,6,9:47:00,0.18,0.19,2.34,30.6,7.51,358,2.14,110,S,80,157,A,124,,,,102,,10:04:00,10:06:00,0:02:00,,10:08:00,0.16,0.18,2.78,31.3,7.53,320,2.20,3,2 hrs,"March 21, 2013",16:20:00,0.08,0.10,2.46,38.5,7.61,310,1.84,38.9,2,2,,,2,5,2,3,1,6
S3,"March 21, 2013",Jamam,"Simon, Abdalbagi",Soda South,TS5,10:35:00,0.31,0.34,1.18,31.3,7.36,428,2.16,31.1,Y,4,,4,2,1,1,5,10:55:00,0.25,0.32,1.25,31.3,7.58,429,2.12,160,S,117,134,A,106,,,,111,,11:08:00,11:12:00,0:04:00,,11:12:00,0.20,0.23,1.95,31.7,7.54,390,2.00,3,2 hrs,"March 21, 2013",16:47:00,0.05,0.09,2.05,37.9,7.69,247,2.18,35.3,2,2,,,3,4,1,1,1,5
S4,"March 21, 2013",Jamam,"Simon, Abdalbagi",Soda South,TS5,11:30:00,0.32,0.36,1.30,31.8,7.41,446,2.29,31.7,Y,4,1,4,1,1,1,5,11:42:00,0.33,0.35,0.86,31.7,7.48,422,2.10,250,S,183,320,A,253,,,,218,,12:00:00,12:05:00,0:05:00,,12:05:00,0.18,0.14,2.14,31.7,7.80,417,2.16,3,1 hr,"March 21, 2013",17:05:00,0.07,0.10,7.98,38.7,8.32,203,2.00,35.2,2,2,,,3,4,1,1,1,5
S5,"March 21, 2013",Jamam,"Simon, Abdalbagi",Soda South,TS5,12:48:00,0.41,0.44,1.30,32.0,7.37,442,2.25,31.5,Y,4,1,6,1,1,1,5,13:05:00,0.39,0.40,2.07,31.8,7.42,453,2.22,150,S,110,130,A,103,,,,106,,13:18:00,13:20:00,0:02:00,,13:20:00,0.29,0.43,1.32,33.1,7.46,462,2.21,8,30 hrs,"March 21, 2013",17:32:00,0.11,0.13,1.23,35.3,7.62,443,2.16,36.2,1,2,,,3,4,1,1,1,5
S6,"March 22, 2013",Jamam,"Simon, Abdalbagi",Mol,TM3,8:19:00,0.07,0.11,1.63,31.4,7.30,257,2.22,29.2,Y,4,1,5,2,2,1,1,8:38:00,0.10,0.19,3.74,30.3,7.47,221,2.22,112,S,82,72,A,57,,,,69,,8:50:00,8:52:00,0:02:00,,8:52:00,0.02,0.07,2.71,30.4,7.45,211,,2,all day,"March 22, 2013",16:22:00,0.05,0.06,4.29,35.1,7.73,161,2.17,37.1,2,2,1,,2,5,2,3,1,1
S7,"March 22, 2013",Jamam,"Simon, Abdalbagi",Mol,TM3,11:19:00,0.05,0.14,1.13,,7.33,227,2.16,32.7,Y,4,1,5,1,3,1,5,11:39:00,0.05,0.07,2.80,33.8,7.56,208,2.00,195,S,142,172,A,136,,,,139,,11:50:00,11:55:00,0:05:00,,11:55:00,0.04,0.06,3.25,33.9,7.42,188,2.17,5,all day,"March 22, 2013",16:45:00,0.02,0.10,3.34,36.7,7.72,198,2.11,33.9,2,2,1,,2,5,1,3,1,5
S8,"March 22, 2013",Jamam,"Simon, Abdalbagi",Kamirol,TC1,12:48:00,0.02,0.04,2.52,33.7,7.51,197,2.14,33.8,Y,4,1,6,2,2,1,5,13:14:00,0.06,0.21,6.27,32.2,7.64,224,2.19,210,S,153,190,A,150,,,,152,,13:24:00,13:27:00,0:03:00,,13:27:00,0.04,0.06,3.79,33.0,7.50,244,2.20,5,all day,"March 22, 2013",17:25:00,0.01,0.07,1.28,35.7,8.00,189,2.03,36.4,1,2,2,,3,4,1,1,1,5
T2,"March 22, 2013",Jamam,"Thomas, Alfaki",Mol,TM3,9:19:00,0.11,0.14,1.61,31.1,7.35,229,2.42,29.7,Y,4,2,1,2,2,1,4,9:30:00,0.05,0.05,2.48,31.2,4.23,156,2.18,290,T,241,270,L,213,,,,227,,9:42:00,9:49:00,0:07:00,,9:42:00,0.08,0.10,2.07,31.2,7.47,158,2.24,5,1 hr,"March 22, 2013",16:30:00,0.04,0.14,8.33,30.2,7.72,182,2.45,41.3,2,2,1,,3,1,2,2,1,4
T3,"March 22, 2013",Jamam,"Thomas, Alfaki",Mol,TM3,11:20:00,0.01,0.02,1.21,33.5,7.21,208,2.44,40.8,Y,4,2,4,1,2,1,5,11:32:00,0.10,0.02,2.45,33.2,7.38,206,,290,T,241,270,L,213,,,,227,,11:48:00,11:56:00,0:08:00,,11:56:00,0.02,0.01,2.42,33.1,7.37,204,2.34,3,afternoon,"March 22, 2013",16:54:00,0.03,0.07,1.27,37.6,7.44,176,2.32,30.9,2,2,1,,2,4,1,2,1,5
T4,"March 23, 2013",Jamam,"Thomas, Alfaki, Imran",Kamirol,TC1,10:11:00,0.76,0.76,3.56,32.0,7.51,636,2.01,30.7,Y,4,2,4,1,1,1,5,10:32:00,0.57,0.59,3.35,31.7,7.70,471,2.04,560,T,465,500,L,395,,,,430,,10:55:00,11:05:00,0:10:00,,11:10:00,0.46,0.47,2.92,32.5,7.05,538,2.17,5,afternoon,"March 23, 2013",16:16:00,0.17,0.19,4.60,37.4,7.60,257,2.18,41.5,1,2,1,,3,4,1,1,1,5
T5,"March 23, 2013",Jamam,"Thomas, Alfaki, Imran",Kamirol,TC1,11:55:00,0.62,0.62,2.32,32.8,7.50,607,2.16,34.7,Y,4,1,4,1,2,1,5,12:14:00,0.51,0.53,3.50,32.4,7.61,614,2.09,244,T,203,270,L,213,,,,208,,12:24:00,12:30:00,0:06:00,,12:30:00,0.39,0.41,4.76,34.4,7.60,551,2.20,4,1 hr,"March 23, 2013",17:11:00,0.13,0.18,7.52,34.4,8.03,187,2.06,39.3,1,2,1,,3,4,1,2,1,5
S9,"March 23, 2013",Jamam,"Simon, Abdalbagi",Kamirol,TC1,8:25:00,0.83,0.81,4.00,30.9,7.52,593,2.16,28.1,Y,4,1,5,2,2,1,5,8:30:00,0.66,0.66,3.83,30.7,7.63,589,2.22,250,S,183,190,A,150,,,,166,,9:03:00,9:06:00,0:03:00,,9:06:00,0.57,0.68,4.14,31.7,7.63,565,2.17,5,all day,"March 23, 2013",16:16:00,0.13,0.21,6.18,36.9,7.73,275,2.12,37.5,1,2,2,,1,4,1,2,1,5
S10,"March 23, 2013",Jamam,"Simon, Abdalbagi",Kamirol,TC1,9:28:00,0.79,0.82,3.66,31.7,7.39,577,2.16,32.0,Y,4,1,4,1,2,1,5,9:50:00,0.57,0.66,5.41,31.9,7.52,550,2.19,900,S,657,807,A,638,,,,647,,10:04:00,10:18:00,0:14:00,,10:18:00,0.41,0.39,4.27,32.2,7.63,306,2.04,3,all day,"March 23, 2013",16:45:00,0.17,0.17,11.00,38.4,7.70,278,2.09,33.6,2,2,1,,3,4,1,2,1,5
S11,"March 23, 2013",Jamam,"Simon, Abdalbagi",Kamirol,TC1,10:51:00,0.77,0.85,4.98,32.4,7.45,399,2.17,35.1,Y,4,1,6,1,2,1,5,11:10:00,0.68,0.71,2.50,32.1,7.57,608,2.15,120,S,88,150,A,119,,,,103,,11:23:00,11:26:00,0:03:00,,11:26:00,0.60,0.58,4.62,33.2,7.55,596,2.19,3,2 hrs,"March 23, 2013",17:11:00,0.09,0.17,5.54,36.8,7.62,321,2.09,35.8,2,1,1,,1,6,1,2,1,5
S12,"March 23, 2013",Jamam,"Simon, Abdalbagi",Kamirol,TC1,11:50:00,0.66,0.67,4.22,33.4,7.54,618,2.14,32.7,Y,4,1,4,1,2,1,5,12:11:00,0.57,0.59,4.09,33.9,7.58,570,2.12,400,S,292,380,A,300,,,,296,,12:25:00,12:31:00,0:06:00,,12:31:00,0.41,0.45,3.96,34.9,7.57,543,2.11,4,all day,"March 23, 2013",17:40:00,0.17,0.16,13.90,35.4,7.73,409,2.06,33.9,1,2,1,,1,6,1,2,1,5
S13,"March 25, 2013",Jamam,"Simon, Abdalbagi",Mol,TM4,10:25:00,3.50,3.40,2.85,31.7,7.23,693,2.17,34.5,Y,4,1,4,2,2,1,5,10:40:00,3.20,3.20,3.39,31.7,7.30,689,2.20,198,S,145,158,A,125,,,,135,,10:52:00,10:55:00,0:03:00,,10:55:00,3.10,2.80,2.47,32.2,7.37,678,2.18,4,1 hr,"March 25, 2013",17:20:00,1.62,1.54,4.21,37.5,7.58,739,2.10,34.4,1,2,1,,2,5,2,2,1,6
S14,"March 25, 2013",Jamam,"Simon, Abdalbagi",Mol,TM4,11:15:00,3.80,3.40,2.30,32.5,7.21,723,2.17,31.9,Y,4,1,5,2,1,1,6,11:30:00,3.30,3.00,2.64,32.8,7.45,750,2.11,150,S,110,83,A,66,,,,88,,11:45:00,11:48:00,0:03:00,,11:48:00,3.00,3.60,3.00,33.3,7.45,758,2.15,4,all day,"March 25, 2013",17:37:00,2.40,2.20,3.92,36.7,7.55,758,2.11,32.6,2,1,1,,2,5,2,3,1,6
S15,"March 25, 2013",Jamam,"Simon, Abdalbagi",Alguren,TM1,12:13:00,3.40,3.20,3.36,33.1,7.36,762,2.17,33.9,Y,4,1,5,2,3,1,5,12:34:00,3.40,3.10,2.13,32.9,7.38,761,2.16,310,S,226,300,A,237,,,,232,,12:48:00,12:53:00,0:05:00,,12:55:00,3.30,3.00,2.34,33.2,7.52,776,2.14,3,6 hrs,"March 25, 2013",17:50:00,1.84,1.98,4.52,35.3,7.56,681,2.12,36.6,1,2,1,,1,4,2,2,1,5
T6,"March 25, 2013",Jamam,"Thomas, Alfaki",Mol,TM3,10:30:00,3.70,3.40,3.29,31.8,7.54,640,2.20,37.2,Y,4,2,4,1,2,1,5,11:06:00,3.10,2.90,3.60,32.7,7.56,610,2.20,110,T,91,210,L,166,,,,129,,11:15:00,11:17:00,0:02:00,,11:17:00,3.20,2.70,4.54,33.3,7.63,772,2.11,3,1 hr,"March 25, 2013",17:59:00,1.62,1.62,13.00,34.6,7.68,732,2.10,38.9,2,2,1,,3,4,1,2,1,5
T7,"March 25, 2013",Jamam,"Thomas, Alfaki",Mol,TM3,11:43:00,3.70,3.40,1.97,32.2,7.44,671,2.12,41.2,Y,4,2,4,2,2,1,5,11:57:00,3.20,3.10,4.03,31.6,7.56,702,2.08,50,T,42,51,L,40,,,,41,,12:09:00,12:11:00,0:02:00,,12:23:00,2.80,,3.88,32.9,7.49,656,2.22,3,afternoon,"March 25, 2013",17:32:00,1.28,1.28,6.88,33.9,7.67,684,2.09,40.2,2,1,2,,,4,2,2,1,5
T8,"March 25, 2013",Jamam,"Thomas, Alfaki",Alguren,TM1,12:33:00,3.40,3.10,4.41,33.3,7.39,821,2.21,42.3,Y,4,2,5,2,3,1,5,13:06:00,2.60,2.50,4.17,33.6,7.64,221,2.11,260,T,216,270,L,213,,,,215,,13:13:00,13:24:00,0:11:00,,13:24:00,2.80,2.50,12.50,32.5,7.59,678,2.18,6,4 hrs,"March 25, 2013",17:19:00,2.50,2.40,6.59,37.1,7.53,701,2.28,41.1,2,1,1,,2,5,2,3,1,5
I5,"March 26, 2013",Jamam,"Imran, Alfaki, Mark",Jamam 1,TJ4,8:55:00,0.49,0.60,1.81,31.4,7.66,484,0.418,31.5,Y,4,1,6,2,2,1,5,9:06:00,0.43,0.47,2.53,31.2,7.69,531,0.429,60,I,48,65,L,51,,,,50,,9:16:00,9:17:00,0:01:00,,9:18:00,0.42,0.43,2.99,30.7,7.79,447,0.418,,,"March 26, 2013",16:19:00,0.07,0.12,3.42,36.6,7.81,268,0.454,41.8,2,2,1,,1,6,1,2,1,5
I6,"March 26, 2013",Jamam,"Imran, Alfaki, Mark",Jamam 1,TJ4,9:40:00,0.39,0.46,2.07,31.8,7.60,549,0.453,35.1,Y,4,2,5,2,3,1,5,9:55:00,0.32,0.37,2.71,32.0,7.84,561,0.428,214,I,171,170,L,134,,,,153,,10:04:00,10:07:00,0:03:00,,10:09:00,0.35,0.41,1.85,32.0,7.67,510,0.441,,,"March 26, 2013",16:41:00,0.27,0.24,3.00,38.1,7.84,414,0.433,45.7,2,2,1,,2,5,2,3,1,5
I7,"March 26, 2013",Jamam,"Imran, Alfaki, Mark",Jamam 1,TJ4,10:30:00,0.28,0.36,2.75,32.1,7.69,509,0.404,34.0,Y,4,2,4,1,2,1,5,10:52:00,0.26,0.31,0.66,33.5,7.72,431,0.432,694,I,555,788,L,623,,,,589,,11:01:00,11:10:00,0:09:00,,11:19:00,0.18,0.24,3.37,33.2,7.84,412,0.432,,,"March 26, 2013",17:13:00,0.08,0.16,2.21,37.5,7.85,254,0.404,41.3,1,2,2,,3,4,1,1,1,5
I8,"March 26, 2013",Jamam,"Imran, Alfaki, Mark",Kurba,TS5,11:40:00,4.60,4.10,2.86,33.6,7.40,719,1.92,40.8,Y,4,1,5,2,3,1,5,12:20:00,4.60,4.20,12.90,33.4,7.47,733,1.96,149,I,119,160,L,126,,,,123,,12:30:00,12:32:00,0:02:00,,12:34:00,4.50,4.10,5.05,34.8,7.49,724,2.00,,,"March 26, 2013",17:32:00,3.40,3.10,3.83,35.9,7.56,683,1.97,39.1,2,2,1,,2,5,2,3,1,5
I9,"March 26, 2013",Jamam,"Imran, Alfaki, Mark",Kurba,TS5,13:05:00,4.60,3.80,2.42,34.1,7.49,734,1.95,42.9,Y,4,1,4,1,1,1,5,13:18:00,4.20,3.70,2.97,34.2,7.67,714,1.92,245,I,196,150,L,119,,,,157,,13:24:00,13:28:00,0:04:00,,13:33:00,3.80,3.40,5.33,34.6,7.75,708,2.09,,,"March 26, 2013",18:00:00,3.40,2.70,2.24,37.1,7.74,705,1.98,38.5,2,2,2,,,4,1,1,1,5
S16,"March 26, 2013",Jamam,"Simon, Abdalgadir",Jamam 1,TJ4,8:50:00,0.48,0.56,1.27,31.8,7.43,537,0.385,29.8,Y,4,1,4,1,2,1,5,8:50:00,0.45,,2.16,31.6,7.45,629,0.642,700,S,511,500,A,395,,,,453,,9:15:00,9:22:00,0:07:00,,9:22:00,0.40,0.52,3.41,31.6,7.72,518,0.482,,,"March 26, 2013",16:20:00,0.20,0.28,2.77,37.5,7.60,345,0.420,35.7,2,2,1,,1,4,1,2,1,5
S17,"March 26, 2013",Jamam,"Simon, Abdalgadir",Jamam 1,TJ4,9:44:00,0.45,0.53,2.59,32.2,7.44,637,0.421,29.8,Y,4,1,5,2,2,1,6,9:58:00,0.45,0.58,1.12,32.1,7.48,656,0.408,250,S,183,150,A,119,,,,151,,10:08:00,10:12:00,0:04:00,,10:12:00,0.33,0.50,2.68,33.1,7.45,622,0.432,,,"March 26, 2013",16:43:00,0.06,0.08,2.44,36.2,7.75,,0.425,33.9,1,2,1,,3,4,1,2,1,5
S18,"March 26, 2013",Jamam,"Simon, Abdalgadir",Jamam 1,TJ4,10:32:00,0.02,0.15,0.15,32.4,7.55,594,0.426,30.7,Y,4,1,5,2,3,1,5,10:50:00,0.32,0.30,0.77,33.7,7.51,621,0.404,50,S,37,35,A,28,,,,32,,11:02:00,11:04:00,0:02:00,,11:04:00,0.38,0.40,1.03,33.5,7.56,597,0.417,,,"March 26, 2013",17:16:00,0.18,0.23,1.82,35.9,7.54,542,0.396,33.6,1,1,1,,2,5,1,2,1,6
S19,"March 26, 2013",Jamam,"Simon, Abdalgadir",Jamam 1,TJ4,11:25:00,0.30,0.34,1.44,33.1,7.50,575,0.606,30.8,Y,4,1,4,2,2,1,5,11:34:00,0.11,0.05,1.38,33.8,7.52,577,0.406,200,S,146,130,A,103,,,,124,,11:43:00,11:48:00,0:05:00,,11:48:00,0.24,0.27,1.37,33.7,7.55,502,0.414,,,"March 26, 2013",16:55:00,0.01,0.05,4.60,32.7,7.63,289,0.400,32.7,2,2,2,,2,4,2,2,1,5
S20,"March 26, 2013",Jamam,"Simon, Abdalgadir",Kamirol,TC1,12:30:00,2.80,3.00,8.09,33.2,7.45,775,0.236,34.3,Y,4,1,6,1,1,1,5,12:42:00,2.80,2.70,7.32,33.7,7.46,773,2.01,190,S,139,160,A,126,,,,133,,12:50:00,12:55:00,0:05:00,,12:55:00,2.80,2.30,7.08,34.4,7.49,773,2.01,,,"March 26, 2013",17:41:00,1.38,1.48,7.22,36.9,7.50,772,2.00,32.9,2,2,1,,1,6,1,2,1,5
S21,"March 27, 2013",Jamam,"Simon, Abdalgadir",Magaja,TB2,8:22:00,0.64,0.66,3.56,29.3,7.19,761,1.78,28.9,Y,4,1,5,2,2,1,5,8:47:00,0.60,0.65,4.84,30.6,7.28,756,1.85,220,S,161,199,A,157,,,,159,,8:57:00,9:00:00,0:03:00,,9:00:00,0.43,0.53,5.21,29.9,7.27,777,1.84,,,"March 27, 2013",18:26:00,0.17,0.17,2.99,36.2,7.45,612,1.77,32.1,1,2,1,,2,5,1,2,1,6
S22,"March 27, 2013",Jamam,"Simon, Abdalgadir",Magaja,TB2,9:30:00,3.90,3.60,5.18,31.6,7.17,815,1.80,29.4,Y,4,1,4,1,2,1,5,9:46:00,3.30,3.10,6.28,31.2,7.25,793,1.74,570,S,416,450,A,356,,,,386,,9:53:00,10:00:00,0:07:00,,10:00:00,3.40,3.30,5.43,32.4,7.37,803,1.80,,,"March 27, 2013",16:29:00,2.40,2.40,4.55,34.1,7.32,780,1.78,35.9,2,1,1,,3,4,1,2,1,5
S23,"March 27, 2013",Jamam,"Simon, Abdalgadir, Imran",Jamam 1,TJ4,10:39:00,0.42,0.48,1.22,32.4,7.55,679,0.417,31.9,Y,4,1,4,1,2,1,5,10:56:00,0.27,0.50,5.57,33.2,7.59,622,0.351,1000,S,730,900,A,711,,,,721,,11:05:00,11:12:00,0:07:00,,11:12:00,0.23,0.32,3.62,35.3,7.71,576,0.376,,,"March 27, 2013",17:15:00,0.00,0.00,2.58,35.2,7.80,389,0.372,35.7,1,2,1,,1,5,1,2,1,5
S24,"March 27, 2013",Jamam,"Simon, Abdalgadir",Kamirol,TC1,11:56:00,0.18,0.26,6.48,32.6,7.69,408,1.71,33.5,Y,4,1,4,1,3,1,5,12:10:00,0.14,0.19,7.28,31.9,7.78,373,1.72,340,S,248,310,A,245,,,,247,,12:19:00,12:24:00,0:05:00,,12:24:00,0.18,0.28,5.68,33.0,7.82,375,1.74,,,"March 27, 2013",17:42:00,0.13,0.08,6.91,36.7,7.92,343,1.74,33.9,2,2,1,,3,4,1,3,1,5
S25,"March 27, 2013",Jamam,"Simon, Abdalgadir",Kamirol,TC1,12:46:00,0.13,0.14,7.68,32.7,7.64,403,1.75,34.1,Y,4,1,1,1,3,1,1,13:20:00,0.07,0.11,6.75,32.9,7.70,373,1.73,90,S,66,85,A,67,,,,66,,13:24:00,13:26:00,0:02:00,,13:26:00,0.20,0.27,8.44,34.0,7.81,364,1.75,,,"March 27, 2013",18:01:00,0.00,0.00,12.00,35.8,7.97,306,1.73,32.5,1,1,1,,2,1,1,3,1,1
I10,"March 27, 2013",Jamam,"Imran, Thomas, Alfaki",Magaja,TB2,8:24:00,0.65,0.66,2.56,29.5,7.33,387,2.34,29.1,Y,4,2,5,2,3,1,1,8:44:00,0.59,0.56,2.49,30.7,7.38,588,2.30,270,I,216,160,T,133,225,L,178,176,,8:50:00,8:53:00,0:03:00,,8:59:00,0.46,0.48,4.76,30.2,7.46,557,2.43,,,"March 27, 2013",16:23:00,0.00,0.16,11.40,33.5,8.48,191,2.21,42.4,2,2,1,,2,5,2,3,1,1
T9,"March 27, 2013",Jamam,"Thomas, Alfaki, Imran",Magaja,TB2,9:29:00,2.80,2.70,2.31,32.5,7.21,762,2.31,34.2,Y,4,2,5,1,3,1,5,9:41:00,3.50,3.30,2.98,30.6,7.49,732,2.32,260,T,216,280,L,221,,,,219,,10:05:00,10:09:00,0:04:00,,10:12:00,3.10,2.90,3.08,30.9,7.56,747,2.43,,,"March 27, 2013",17:02:00,0.03,0.04,2.87,34.4,7.73,243,2.08,34.4,1,1,1,,2,5,1,3,1,6
T10,"March 27, 2013",Jamam,"Thomas, Alfaki",Jamam 1,TJ4,10:45:00,0.39,0.45,1.54,32.6,7.76,578,0.508,36.1,Y,4,2,6,1,2,1,5,11:00:00,0.20,0.26,3.10,32.9,,346,0.495,210,T,174,200,L,158,,,,166,,11:13:00,11:16:00,0:03:00,,11:47:00,0.20,0.25,3.63,32.8,7.73,283,0.772,,,"March 27, 2013",17:38:00,0.06,0.13,4.99,34.4,7.86,228,0.65,34.4,2,2,1,,2,6,1,2,1,5
T11,"March 27, 2013",Jamam,"Thomas, Alfaki",Jamam 1,TJ4,11:34:00,0.34,0.35,2.39,32.3,7.65,498,0.502,39.3,Y,4,2,2,1,3,2,2,11:43:00,0.24,0.27,1.63,33.3,7.76,311,0.424,263,T,218,221,L,175,,,,196,,11:52:00,11:59:00,0:07:00,,12:23:00,0.20,0.25,2.02,35.1,7.76,419,,,,"March 27, 2013",17:45:00,0.01,0.04,3.07,34.4,8.22,223,,34.4,2,2,1,,3,2,1,3,2,2
T12,"March 27, 2013",Jamam,"Thomas, Alfaki",Kamirol,TC1,13:13:00,0.15,0.23,4.96,32.2,7.64,216,2.38,39.2,Y,4,2,4,2,1,1,5,11:26:00,0.16,0.21,7.97,31.7,1.34,312,2.18,40,T,33,38,L,30,,,,32,,13:36:00,13:50:00,0:14:00,,13:50:00,0.18,0.19,5.74,32.2,7.53,274,,,,"March 27, 2013",18:24:00,0.09,0.10,4.41,34.4,7.84,233,1.26,34.4,2,2,1,,3,4,2,1,1,5
S26,"March 28, 2013",Jamam,"Simon, Abdalbagi",Pagalok,TJ3,8:54:00,1.24,1.28,1.48,30.5,7.60,575,0.453,25.7,Y,4,1,4,1,2,1,5,9:16:00,1.24,1.24,2.81,30.9,7.60,543,0.404,130,S,95,124,A,98,,,,96,,9:25:00,9:27:00,0:02:00,,9:27:00,1.24,1.24,2.23,31.5,7.71,592,0.507,,,"March 28, 2013",17:10:00,0.86,0.87,2.31,37.8,7.71,565,0.398,32.6,2,2,1,,2,4,1,2,1,5
S27,"March 28, 2013",Jamam,"Simon, Abdalbagi",Pagalok,TJ2,9:47:00,0.78,0.82,2.09,31.7,7.61,550,0.454,28.5,Y,4,1,5,2,3,1,5,9:58:00,0.73,0.77,2.41,31.4,7.60,555,0.405,440,S,321,420,A,332,,,,327,,10:08:00,10:14:00,0:06:00,,10:14:00,0.65,0.69,2.32,32.5,7.79,546,0.448,,,"March 28, 2013",16:33:00,0.11,0.23,5.72,37.7,8.19,322,0.400,38.9,2,2,1,,2,5,2,3,1,5
S28,"March 28, 2013",Jamam,"Simon, Abdalbagi",Pagalok,TJ2,10:34:00,0.36,0.41,3.61,31.7,7.60,508,0.460,33.3,Y,4,1,5,2,2,1,5,10:51:00,0.25,0.36,3.58,32.1,7.57,416,0.406,400,S,292,370,A,292,,,,292,,11:01:00,11:07:00,0:06:00,,11:07:00,0.24,0.27,4.19,32.5,7.74,422,0.419,,,"March 28, 2013",16:52:00,0.00,0.07,3.84,35.6,7.92,287,0.430,34.3,1,2,1,,2,1,1,2,1,4
S29,"March 28, 2013",Jamam,"Simon, Abdalbagi",Pagalok,TJ2,11:41:00,0.20,0.23,5.61,31.7,7.51,392,0.420,30.9,Y,4,1,5,2,2,1,5,11:56:00,0.18,0.22,4.41,31.9,7.52,367,0.403,57,S,42,55,A,43,,,,43,,12:03:00,12:05:00,0:02:00,,12:05:00,0.19,0.13,4.55,33.5,7.60,363,0.412,,,"March 28, 2013",17:28:00,0.03,0.07,5.86,30.9,8.04,331,0.483,31.3,2,2,1,,2,5,2,2,1,5
S30,"March 28, 2013",Jamam,"Simon, Abdalbagi",Pagalok,TJ2,12:21:00,0.11,0.12,5.21,32.7,7.55,342,0.429,33.9,Y,4,1,4,1,2,1,5,12:36:00,0.10,0.24,3.50,32.4,7.52,322,0.398,190,S,139,169,A,134,,,,136,,12:46:00,12:49:00,0:03:00,,12:49:00,0.08,0.12,5.96,33.0,7.69,322,0.408,,,"March 28, 2013",17:48:00,0.10,0.14,3.48,35.9,7.61,327,0.413,34.7,2,2,2,,1,4,1,2,1,5
T13,"March 28, 2013",Jamam,"Thomas, Alfaki",Pagalok,TJ2,9:04:00,0.69,1.12,1.61,30.3,7.72,542,0.497,27.1,Y,4,1,2,2,3,2,2,9:10:00,1.16,1.16,1.29,30.9,7.92,399,0.397,180,T,149,170,L,134,,,,142,,9:24:00,9:30:00,0:06:00,,9:39:00,1.10,1.16,1.77,31.4,7.88,467,0.481,,,"March 28, 2013",16:33:00,0.62,0.73,0.51,35.7,7.98,427,0.507,40.5,2,2,1,,3,2,2,3,2,2
T14,"March 28, 2013",Jamam,"Thomas, Alfaki",Pagalok,TJ2,10:10:00,0.61,0.65,1.91,31.6,7.74,504,0.431,32.3,Y,4,2,5,2,3,1,5,10:30:00,0.65,0.68,1.64,31.9,7.91,487,0.402,100,T,83,110,L,87,,,,85,,10:31:00,10:38:00,0:07:00,,10:38:00,0.52,0.53,1.73,31.2,7.86,486,0.476,,,"March 28, 2013",17:08:00,0.50,0.39,2.26,36.4,7.89,449,0.497,40.5,2,2,2,,2,5,2,3,1,5
T15,"March 28, 2013",Jamam,"Thomas, Alfaki",Pagalok,TJ2,11:01:00,0.27,0.37,3.62,31.8,2.70,415,0.451,34.5,Y,4,2,5,2,2,1,5,11:13:00,0.16,0.24,2.46,30.6,7.83,376,0.391,41,T,34,44,L,35,,,,34,,11:13:00,11:15:00,0:02:00,,11:30:00,0.16,0.23,1.72,31.3,7.65,314,0.463,,,"March 28, 2013",17:15:00,0.01,0.04,6.08,33.2,7.82,213,0.451,30.7,2,2,1,,2,5,2,2,1,5
T16,"March 28, 2013",Jamam,"Thomas, Alfaki",Pagalok,TJ2,11:39:00,0.13,0.19,2.26,31.7,7.62,279,0.532,37.9,Y,4,2,1,1,1,1,4,11:53:00,0.07,0.09,3.23,32.4,7.78,273,0.497,100,T,83,108,L,85,,,,84,,12:25:00,12:28:00,0:03:00,,12:48:00,0.12,0.17,3.88,32.9,7.79,235,0.532,,,"March 28, 2013",17:39:00,0.07,0.12,3.31,35.6,2.71,242,0.454,35.2,2,2,1,,1,1,1,1,1,4
T17,"March 28, 2013",Jamam,"Thomas, Alfaki",Pagalok,TJ2,12:59:00,0.16,0.25,1.96,31.4,7.54,258,0.449,30.7,Y,4,2,2,1,3,2,2,13:15:00,0.07,0.12,4.57,32.5,3.24,237,0.496,70,T,58,130,L,103,,,,80,,13:25:00,13:39:00,0:14:00,,13:39:00,0.09,0.12,4.76,32.2,7.61,254,0.424,,,"March 28, 2013",17:58:00,0.18,0.06,7.63,35.6,,214,0.449,34.7,2,2,1,,3,2,1,3,2,2
S31,"March 29, 2013",Jamam,"Simon, Abdalbagi",Alguren,TM1,8:39:00,0.24,0.30,4.37,31.4,7.14,477,2.06,29.5,Y,4,1,5,2,2,1,5,8:50:00,0.18,0.35,9.92,31.4,7.31,400,1.98,250,S,183,230,A,182,,,,182,,9:02:00,9:06:00,0:04:00,,9:06:00,0.26,0.30,6.64,31.9,7.41,457,2.04,,,"March 29, 2013",16:36:00,0.05,0.10,5.51,35.8,7.50,273,1.98,34.9,1,2,2,,3,4,1,2,1,5
S32,"March 29, 2013",Jamam,"Simon, Abdalbagi",Alguren,TM1,9:25:00,0.37,0.39,6.68,31.2,7.37,493,2.09,32.4,Y,4,1,4,1,2,1,5,9:40:00,0.35,0.42,6.63,31.1,7.42,503,2.01,150,S,110,130,A,103,,,,106,,9:50:00,9:53:00,0:03:00,,9:53:00,0.30,0.35,6.50,32.1,7.48,443,2.03,,,"March 29, 2013",16:55:00,0.07,0.13,10.60,37.6,7.68,296,1.99,32.4,1,2,1,,3,4,1,2,1,5
S33,"March 29, 2013",Jamam,"Simon, Abdalbagi",Alguren,TM1,10:16:00,0.37,0.42,8.81,31.9,7.32,496,2.12,31.8,Y,4,1,4,2,2,1,5,10:30:00,0.27,0.32,8.25,31.9,7.36,376,1.99,,,0,,,0,,,,,,10:41:00,10:48:00,0:07:00,,10:48:00,0.07,0.12,8.13,33.6,7.44,379,2.04,,,"March 29, 2013",17:18:00,0.01,0.04,5.71,34.3,7.81,290,2.01,32.4,2,2,1,,1,4,2,2,1,5
S34,"March 29, 2013",Jamam,"Simon, Abdalbagi",Alguren,TM1,11:13:00,0.32,0.38,8.34,32.4,7.25,461,2.05,36.5,Y,4,1,4,2,2,1,5,11:30:00,0.14,0.20,7.98,32.1,7.36,316,2.01,390,S,285,370,A,292,,,,289,,11:33:00,11:38:00,0:05:00,,11:38:00,0.11,0.17,6.84,33.8,7.45,296,2.00,,,"March 29, 2013",17:35:00,0.00,0.05,8.82,35.1,7.70,290,2.04,30.9,2,2,1,,1,4,2,2,1,5
S35,"March 29, 2013",Jamam,"Simon, Abdalbagi",Kamirol,TC1,12:20:00,1.56,1.58,6.00,32.2,7.54,670,2.44,33.9,Y,4,1,4,2,2,1,5,12:35:00,0.60,1.62,7.67,31.9,7.54,714,2.00,160,S,117,153,A,121,,,,119,,12:58:00,13:00:00,0:02:00,,12:58:00,1.54,1.52,8.02,33.1,7.63,716,2.31,,,"March 29, 2013",17:58:00,1.14,1.14,8.96,34.9,7.69,611,1.98,34.5,1,2,2,,3,4,1,2,1,5
T18,"March 29, 2013",Jamam,"Thomas, Alfaki",Alguren,TM1,8:41:00,0.15,0.19,4.28,30.9,7.36,328,2.99,31.2,Y,4,2,4,1,1,1,5,8:53:00,0.31,0.40,5.20,31.1,7.52,374,1.95,20,T,17,22,L,17,,,,17,,9:02:00,9:03:00,0:01:00,,9:10:00,0.20,0.22,5.04,31.4,7.47,406,2.16,,,"March 29, 2013",16:49:00,0.03,0.05,5.90,35.3,7.73,234,2.13,40.1,2,2,1,,3,4,1,1,1,5
T19,"March 29, 2013",Jamam,"Thomas, Alfaki",Alguren,TM1,9:34:00,0.45,0.41,4.08,31.5,2.32,491,2.18,34.2,Y,4,2,5,2,1,1,5,9:41:00,0.26,0.31,10.50,31.1,7.47,381,2.13,46,T,38,45,L,36,,,,37,,9:58:00,10:01:00,0:03:00,,10:12:00,0.26,0.28,5.31,31.3,7.55,375,2.06,,,"March 29, 2013",16:53:00,0.02,0.06,3.48,36.6,7.63,238,2.14,39.4,1,2,1,,2,5,2,1,1,5
T20,"March 29, 2013",Jamam,"Thomas, Alfaki",Alguren,TM1,10:23:00,0.40,0.43,6.96,32.2,7.34,284,2.19,34.6,Y,4,2,5,2,3,1,4,10:44:00,0.34,0.37,4.39,32.5,7.53,417,2.13,141,T,117,130,L,103,,,,110,,10:44:00,10:49:00,0:05:00,,10:49:00,0.35,0.31,5.67,31.6,7.56,334,1.92,,,"March 29, 2013",17:12:00,0.02,0.03,8.53,35.9,7.73,238,2.12,39.3,2,2,1,,2,5,2,3,1,4
T21,"March 29, 2013",Jamam,"Thomas, Alfaki",Alguren,TM1,11:12:00,0.39,0.44,5.21,31.4,7.41,315,2.16,35.6,Y,4,2,5,2,3,1,5,11:29:00,0.37,0.40,4.46,31.2,1.34,297,2.01,236,T,196,225,L,178,,,,187,,11:34:00,11:39:00,0:05:00,,11:50:00,0.18,0.31,4.02,32.5,7.50,324,1.98,,,"March 29, 2013",17:43:00,0.05,0.13,3.34,37.1,7.55,244,1.98,34.6,2,2,2,,2,5,2,3,1,5
T22,"March 29, 2013",Jamam,"Thomas, Alfaki",Kamirol,TC1,12:37:00,1.60,1.64,6.02,32.2,7.52,567,2.13,38.3,Y,4,2,4,1,1,1,5,12:42:00,1.28,1.28,8.37,31.7,7.62,594,2.07,257,T,213,252,L,199,,,,206,,12:49:00,13:10:00,0:21:00,,13:30:00,1.10,1.12,7.77,32.2,7.67,672,2.14,,,"March 29, 2013",18:10:00,0.09,0.06,10.60,31.3,7.71,253,1.91,38.1,2,2,1,,2,4,1,1,1,5
T23,"March 30, 2013",Jamam,"Thomas, Alfaki",Jamam 1,TJ4,9:09:00,0.27,0.35,2.71,30.8,7.41,314,1.01,31.5,Y,4,2,4,1,3,1,5,9:13:00,0.17,0.06,6.23,31.3,7.45,258,0.98,100,T,83,170,L,134,,,,109,,9:21:00,9:30:00,0:09:00,,9:43:00,0.13,0.10,5.34,33.6,7.49,253,,,,"March 30, 2013",17:46:00,0.03,0.04,5.47,39.5,7.53,233,1.02,33.5,2,1,1,,3,4,1,3,1,5
T24,"March 30, 2013",Jamam,"Thomas, Alfaki",Mifol,TS3,10:28:00,0.25,0.03,1.90,33.8,7.56,313,2.11,38.9,Y,4,2,4,1,1,1,5,10:45:00,0.24,0.36,10.90,32.5,7.52,526,2.06,60,T,50,55,L,43,,,,47,,10:40:00,10:49:00,0:09:00,,11:03:00,0.47,0.58,7.00,32.3,7.55,556,2.09,,,"March 30, 2013",16:41:00,0.24,0.05,6.25,41.4,7.55,315,1.90,41.3,2,2,2,,3,4,1,1,1,5
T25,"March 30, 2013",Jamam,"Thomas, Alfaki",Mifol,TS3,11:15:00,0.39,0.41,4.23,32.9,7.37,548,2.12,37.5,Y,4,2,5,1,1,1,3,11:30:00,0.32,0.27,11.60,33.3,7.53,451,1.96,72,T,60,67,L,53,,,,56,,11:35:00,,,,12:09:00,0.22,0.13,10.20,33.4,,273,2.11,,,"March 30, 2013",16:58:00,0.05,0.11,17.60,36.5,7.64,244,2.18,37.4,2,1,1,,2,5,1,1,1,6
T26,"March 30, 2013",Jamam,"Thomas, Alfaki",Mifol,TS3,12:22:00,0.43,0.19,2.42,32.9,7.37,310,1.93,39.7,Y,4,2,6,1,3,1,5,12:38:00,0.16,0.18,2.84,32.5,7.54,319,1.96,81,T,67,83,L,66,,,,66,,12:42:00,12:43:00,0:01:00,,12:57:00,0.19,0.24,4.35,33.5,7.56,336,2.06,,,"March 30, 2013",,,,,,,,,,,,,,,,,,,
S36,"March 30, 2013",Jamam,"Simon, Abdalbagi",Jamam 1,TJ4,8:53:00,0.15,0.16,2.97,30.6,7.31,372,1.06,27.6,Y,4,1,4,2,3,1,5,9:05:00,0.08,0.13,3.40,30.8,7.30,303,1.02,330,S,241,316,A,250,,,,245,,9:23:00,9:28:00,0:05:00,,9:28:00,0.03,0.10,3.72,31.5,7.45,316,1.05,,,"March 30, 2013",16:27:00,0.05,0.08,7.19,34.4,7.56,285,1.05,35.9,2,2,1,,3,4,2,3,1,5
S37,"March 30, 2013",Jamam,"Simon, Abdalbagi",Mifol,TS3,10:15:00,0.29,0.33,4.83,33.6,7.60,397,2.01,32.9,Y,4,1,5,2,2,1,5,10:30:00,0.29,0.32,7.44,33.7,7.59,502,1.94,50,S,37,47,A,37,,,,37,,10:45:00,10:46:00,0:01:00,,10:46:00,0.33,0.35,8.63,34.8,7.72,590,1.99,,,"March 30, 2013",,,,,,,,,,,,,,,,,,,
S38,"March 30, 2013",Jamam,"Simon, Abdalbagi",Mifol,TS3,11:02:00,0.51,0.56,5.97,30.9,7.51,596,2.00,30.9,Y,4,1,4,1,2,1,5,11:24:00,0.08,0.12,7.26,32.6,7.53,388,1.99,260,S,190,237,A,187,,,,189,,11:35:00,11:39:00,0:04:00,,11:39:00,0.25,0.30,5.76,33.8,7.61,503,2.01,,,"March 30, 2013",16:53:00,0.01,0.03,4.79,36.8,7.62,279,2.02,35.9,1,1,2,,3,4,1,2,1,5
S39,"March 30, 2013",Jamam,"Simon, Abdalbagi",Mifol,TS3,12:05:00,0.26,0.29,6.13,33.2,7.36,513,2.06,33.9,Y,4,1,5,2,3,1,5,12:15:00,0.36,0.39,5.66,32.9,7.61,486,1.98,60,S,44,57,A,45,,,,44,,12:33:00,12:34:00,0:01:00,,12:35:00,0.64,0.59,5.30,34.6,7.56,453,1.98,,,"March 30, 2013",16:31:00,0.01,0.05,4.20,37.8,8.09,258,1.93,35.9,1,2,2,,3,4,1,2,1,5
T27,"April 3, 2013",Batil ,"Thomas, Michael, Imran",Market North,TS GOAL 2,9:16:00,1.38,1.38,2.20,30.7,7.30,599,0.842,30.8,Y ,4,2,2,1,2,2,2,9:52:00,1.18,1.16,0.44,30.6,7.54,607,0.783,170,T,141,160,M,136,,,,139,,9:53:00,9:56:00,0:03:00,,10:11:00,0.82,0.83,0.33,31.4,7.58,584,0.909,,,"April 3, 2013",16:14:00,0.11,0.14,1.08,39.9,7.23,297,0.910,41.1,2,2,1,,2,2,1,2,2,2
T28,"April 3, 2013",Batil ,"Thomas, Michael",Market North,TS GOAL 2,10:23:00,1.46,1.42,0.78,31.2,7.46,643,0.930,37.6,Y,4,2,6,1,2,1,5,10:39:00,1.20,1.23,1.16,31.4,7.56,622,0.828,130,T,108,120,M,102,,,,105,,10:49:00,10:50:00,0:01:00,,10:54:00,1.24,1.22,0.50,32.0,7.58,631,0.970,,,"April 3, 2013",16:43:00,0.47,0.51,0.69,35.7,7.60,579,,40.8,2,2,2,,2,6,1,2,1,5
T29,"April 3, 2013",Batil ,"Thomas, Michael",Market North,TS GOAL 2,11:25:00,1.46,1.40,0.65,32.3,7.41,614,1.09,38.1,Y,4,2,2,1,2,2,2,11:45:00,1.20,1.34,0.90,34.4,7.53,653,0.761,180,T,149,200,M,170,,,,160,,11:51:00,11:56:00,0:05:00,,11:56:00,0.91,0.90,1.06,35.5,7.55,608,0.940,,,"April 3, 2013",17:00:00,0.05,0.18,3.65,40.9,7.85,268,0.872,41.4,1,2,1,,3,2,2,2,2,2
T30,"April 3, 2013",Batil ,"Thomas, Michael",Market North,TS GOAL 2,12:19:00,1.50,1.46,0.70,32.5,7.42,696,0.864,40.2,Y,4,2,6,1,2,1,5,12:36:00,1.24,1.20,1.90,33.5,7.51,695,0.827,200,T,166,190,M,162,,,,164,,12:38:00,12:44:00,0:06:00,,12:56:00,0.66,0.74,2.58,32.4,7.53,672,0.960,,,"April 3, 2013",17:20:00,0.31,0.35,1.57,38.5,7.52,372,0.930,36.8,2,2,1,,2,6,1,2,1,5
S40,"April 3, 2013",Batil ,"Simon, Sebit",Market North,TS GOAL 2,9:11:00,1.28,1.40,1.58,31.2,7.40,602,0.830,31.8,Y,4,1,2,1,2,2,2,9:30:00,1.32,1.34,0.72,31.0,7.41,663,0.791,80,S,58,72,K,58,,,,58,,9:49:00,9:50:00,0:01:00,,9:52:00,1.36,1.34,0.09,31.0,7.47,680,0.816,,,"April 3, 2013",16:10:00,1.14,1.16,0.01,35.9,7.57,715,0.822,37.6,2,2,2,,2,2,1,2,2,2
S41,"April 3, 2013",Batil ,"Simon, Sebit, Imran",Market North,TS GOAL 2,10:10:00,1.46,1.42,0.28,33.2,7.40,680,0.837,29.9,Y,4,1,5,1,2,1,6,10:34:00,1.20,1.22,1.48,33.1,7.40,715,0.807,78,S,57,71,K,57,,,,57,,10:42:00,10:44:00,0:02:00,,10:44:00,1.08,1.28,0.35,34.6,7.45,823,0.820,,,"April 3, 2013",16:33:00,0.90,0.93,0.61,40.9,7.77,682,0.787,34.8,1,2,2,,1,5,1,2,1,6
S42,"April 3, 2013",Batil ,"Simon, Sebit",Market North,TS GOAL 2,11:04:00,1.46,1.36,1.79,31.7,7.26,720,0.832,32.4,Y,4,1,6,1,2,1,5,11:30:00,1.24,0.10,0.65,31.8,7.44,715,0.808,268,S,196,255,K,204,,,,200,,11:37:00,11:41:00,0:04:00,,11:41:00,0.85,0.88,0.25,33.0,7.57,702,0.831,,,"April 3, 2013",17:18:00,0.63,0.67,3.30,36.4,7.60,684,0.813,35.8,2,2,2,,1,6,1,2,1,5
S43,"April 3, 2013",Batil ,"Simon, Sebit",Market North,TS GOAL 2,12:06:00,1.34,1.40,0.01,32.5,7.33,740,0.836,32.5,Y,4,1,5,2,2,1,5,12:24:00,1.32,1.34,0.76,32.3,7.36,723,0.809,700,S,511,658,K,526,,,,519,,12:34:00,12:45:00,0:11:00,,12:45:00,1.06,1.06,0.12,32.7,7.60,719,0.847,,,"April 3, 2013",16:56:00,0.04,0.10,1.06,46.6,7.55,410,0.885,35.8,1,2,1,,2,5,2,2,1,5
T31,"April 4, 2013",Batil ,"Thomas, Michael",Alasof,TS BH15,8:59:00,0.79,0.81,1.27,29.9,7.11,746,1.13,34.5,Y,3,2,6,1,2,1,5,9:10:00,0.62,0.69,1.53,29.6,7.26,635,1.03,120,T,100,270,M,230,,,,165,,9:20:00,9:30:00,0:10:00,,9:43:00,0.68,0.73,1.18,30.1,7.31,617,1.09,,,"April 4, 2013",16:45:00,0.52,0.53,2.73,35.7,7.25,628,1.21,32.9,2,2,2,,2,6,1,2,1,5
T32,"April 4, 2013",Batil ,"Thomas, Michael",Alasof,TS BH15,9:56:00,1.10,1.08,1.28,30.1,7.19,715,1.16,30.2,Y,3,2,5,2,3,1,5,10:07:00,1.08,1.04,0.34,30.8,7.52,716,1.03,150,T,125,162,M,138,,,,131,,10:15:00,10:18:00,0:03:00,,10:21:00,0.96,0.96,1.78,31.7,7.47,702,1.22,,,"April 4, 2013",17:07:00,0.30,0.35,3.21,38.6,7.67,498,1.02,32.9,2,2,1,,2,5,2,3,1,5
T33,"April 4, 2013",Batil ,"Thomas, Michael",Alasof,TS BH15,11:36:00,0.93,0.92,1.46,31.3,7.14,679,1.15,37.3,Y,3,2,5,1,2,1,5,12:06:00,1.10,1.08,1.79,32.6,7.30,642,0.982,291,T,242,300,M,255,,,,248,,12:06:00,12:10:00,0:04:00,,12:10:00,1.06,1.10,1.83,33.7,7.31,639,1.15,,,"April 4, 2013",17:26:00,0.60,0.72,2.44,39.1,7.46,502,1.05,35.1,1,2,1,,2,5,1,2,1,5
T34,"April 4, 2013",Batil ,"Thomas, Michael",Alasof,TS BH15,12:36:00,1.02,1.06,2.45,32.9,7.17,603,1.37,35.6,Y,3,2,6,1,1,1,5,12:40:00,1.01,1.06,1.90,32.4,7.42,702,1.03,172,T,143,265,M,225,,,,184,,12:55:00,12:58:00,0:03:00,,13:09:00,0.79,0.80,0.45,32.9,7.46,670,1.33,,,"April 4, 2013",17:51:00,0.10,0.16,6.30,36.5,7.61,351,0.960,34.8,2,2,1,,2,6,1,1,1,5
S44,"April 4, 2013",Batil ,"Simon, Sebit",Alasof,TS BH15,9:00:00,0.72,0.81,1.69,30.0,7.10,533,0.98,31.2,Y,3,1,1,2,2,1,4,9:10:00,0.76,0.77,0.94,29.7,7.11,716,0.95,370,S,270,360,K,288,,,,279,,9:21:00,9:25:00,0:04:00,,9:25:00,0.59,0.62,1.41,30.0,7.20,705,0.953,,,"April 4, 2013",17:57:00,0.06,0.18,2.60,36.5,7.51,377,0.973,32.1,2,1,1,,1,1,2,2,1,4
S45,"April 4, 2013",Batil ,"Simon, Sebit",Alasof,TS BH15,9:45:00,0.64,0.60,0.39,30.0,7.02,755,1.00,30.4,Y ,1,1,4,1,2,1,5,10:04:00,1.10,1.08,0.39,30.4,7.17,735,0.96,180,S,131,160,K,128,,,,130,,10:13:00,10:17:00,0:04:00,,10:17:00,1.20,1.10,0.50,31.3,7.31,730,0.978,,,"April 4, 2013",17:38:00,0.01,0.06,4.92,36.3,7.73,416,0.980,33.9,2,2,1,,1,4,1,2,1,5
S46,"April 4, 2013",Batil ,"Simon, Sebit",Alasof,TS BH15,10:40:00,0.83,0.90,0.82,30.2,7.14,740,0.95,30.7,Y,3,1,6,1,2,1,5,10:49:00,0.92,0.92,0.09,31.4,7.15,745,0.938,400,S,292,380,K,304,,,,298,,10:58:00,11:04:00,0:06:00,,11:04:00,0.86,0.86,0.18,32.3,7.30,731,1.04,,,"April 4, 2013",17:18:00,0.42,0.45,0.82,36.9,7.39,682,0.978,34.4,2,2,2,,1,6,1,2,1,5
S47,"April 4, 2013",Batil ,"Simon, Sebit",Alasof,TS BH15,11:29:00,0.90,0.87,0.78,30.7,7.11,759,0.969,33.2,Y,1,1,5,1,2,1,3,11:40:00,1.12,1.10,0.37,31.6,7.12,769,0.960,700,S,511,660,K,528,,,,520,,11:55:00,12:03:00,0:08:00,,12:03:00,1.10,1.12,0.58,32.2,7.29,740,1.01,,,"April 4, 2013",17:00:00,0.90,0.93,1.08,35.6,7.44,709,1.02,33.9,1,2,1,,2,5,2,3,1,5
S48,"April 4, 2013",Batil ,"Simon, Sebit",Alasof,TS BH15,12:25:00,0.88,0.94,1.30,31.4,7.05,757,0.951,34.9,Y,1,1,1,1,2,1,5,12:41:00,0.99,1.06,1.04,32.2,7.30,732,0.958,212,S,155,221,K,177,,,,166,,12:50:00,12:53:00,0:03:00,,12:53:00,0.92,0.94,0.45,32.7,7.36,741,0.937,,,"April 4, 2013",16:35:00,0.14,0.27,0.89,35.4,7.42,341,0.966,36.6,1,2,1,,1,1,1,2,1,5
S49,"April 5, 2013",Batil ,"Simon, Sebit",Subat,TS BH26,9:00:00,1.30,1.30,1.14,29.6,7.04,770,0.168,29.0,Y,1,1,6,1,2,1,5,9:16:00,1.08,1.08,1.27,29.3,7.10,765,0.802,400,S,292,380,K,304,,,,298,403,9:25:00,9:30:00,0:05:00,,9:32:00,1.08,1.08,1.20,30.0,7.24,770,0.910,,,"April 5, 2013",17:04:00,0.69,0.74,0.62,37.9,7.38,708,0.787,35.8,2,2,2,,2,6,1,2,1,5
S50,"April 5, 2013",Batil ,"Simon, Sebit",Alasof,TS BH15,11:05:00,0.85,0.85,0.88,31.5,7.30,735,1.01,33.4,Y,1,1,5,2,2,1,5,11:30:00,0.91,0.91,0.41,32.1,7.39,715,0.945,500,S,365,480,K,384,,,,375,,11:37:00,11:43:00,0:06:00,,11:45:00,0.70,0.79,1.37,33.0,7.48,719,0.96,,,"April 5, 2013",17:36:00,0.43,0.45,0.78,36.2,7.65,678,0.940,35.5,2,2,2,,2,5,2,2,1,5
S51,"April 5, 2013",Batil ,"Simon, Sebit",Alasof,TS BH15,12:08:00,0.95,0.94,1.59,31.3,7.20,666,1.01,33.0,Y,1,1,5,1,2,1,5,12:20:00,0.99,0.99,0.68,31.4,7.20,747,0.96,250,S,183,237,K,190,,,,186,,12:30:00,12:32:00,0:02:00,,12:36:00,0.99,0.99,1.10,31.8,7.30,764,0.118,,,"April 5, 2013",17:52:00,0.69,0.73,1.53,35.9,7.55,721,0.953,33.7,2,2,1,,2,5,1,2,1,5
T35,"April 5, 2013",Batil ,"Thomas, Michael",Subat,TS BH26,8:59:00,1.38,1.32,1.45,29.9,7.19,705,1.14,36.5,Y,1,2,6,1,1,1,5,9:11:00,1.48,1.42,1.25,29.8,7.28,734,0.843,300,T,249,360,M,306,,,,278,,9:18:00,9:25:00,0:07:00,,9:30:00,1.50,1.52,1.26,30.5,7.23,713,1.37,,,"April 5, 2013",17:15:00,1.06,1.08,0.72,36.3,7.21,623,,41.1,2,2,2,,2,6,1,1,1,5
T36,"April 5, 2013",Batil ,"Thomas, Michael",Alasof,TS BH15,11:13:00,0.97,0.95,1.21,31.2,7.39,681,1.17,34.2,Y,1,2,6,1,1,1,5,11:25:00,0.96,0.96,1.77,32.4,7.60,702,1.02,460,T,382,400,M,340,,,,361,402,11:36:00,11:44:00,0:08:00,,11:53:00,0.95,0.91,1.47,33.6,7.59,681,1.42,,,"April 5, 2013",17:58:00,0.75,0.74,1.24,36.3,7.71,631,1.15,40.1,1,2,1,,1,4,1,1,1,5
T37,"April 5, 2013",Batil ,"Thomas, Michael",Alasof,TS BH15,12:12:00,0.95,0.97,1.36,31.6,7.27,683,1.52,32.3,Y,1,2,5,2,3,1,5,12:27:00,0.93,0.94,1.18,31.2,7.34,715,0.96,120,T,100,100,M,85,,,,92,,12:31:00,12:33:00,0:02:00,,12:43:00,0.75,0.82,2.12,33.1,7.33,707,1.44,,,"April 5, 2013",18:17:00,0.62,0.65,1.64,36.8,7.49,604,1.11,39.1,2,2,1,,2,5,1,3,1,5
T38,"April 6, 2013",Batil ,"Thomas, Michael",Close to clinic,TS BH45,8:02:00,1.52,1.72,1.15,28.1,7.34,719,1.13,27.2,Y,2,2,6,1,3,1,5,8:20:00,1.44,1.38,1.07,27.9,7.56,720,0.795,367,T,305,475,M,404,,,,354,,8:24:00,8:32:00,0:08:00,,8:36:00,1.26,1.20,1.75,28.4,7.55,704,1.12,,,"April 6, 2013",16:45:00,0.20,0.09,1.81,37.6,7.54,523,0.11,34.9,2,2,1,,1,6,1,3,1,5
T39,"April 6, 2013",Batil ,"Thomas, Michael",Close to clinic,TS BH45,8:58:00,1.46,1.44,0.80,30.9,7.31,736,0.903,33.1,Y,4,2,5,1,3,1,5,9:06:00,1.50,1.46,1.57,29.2,7.47,746,0.863,220,T,183,310,M,264,,,,223,,9:13:00,9:18:00,0:05:00,,9:26:00,1.36,1.34,1.20,29.9,7.54,724,1.18,,,"April 6, 2013",17:02:00,1.08,1.12,1.41,36.2,7.43,612,1.11,41.7,2,2,2,,2,5,1,3,1,5
T40,"April 6, 2013",Batil ,"Thomas, Michael",Alasof,TS BH15,10:40:00,1.32,1.26,3.24,30.9,7.52,705,0.750,37.2,Y,3,2,5,2,3,1,5,10:50:00,1.16,1.28,1.84,30.4,7.68,709,0.970,300,T,249,305,M,259,,,,254,,10:53:00,11:03:00,0:10:00,,11:12:00,1.10,1.11,1.37,31.1,7.67,672,1.36,,,"April 6, 2013",17:31:00,1.10,1.08,3.36,36.7,7.65,653,1.44,40.5,2,2,1,,2,5,1,3,1,5
T41,"April 6, 2013",Batil ,"Thomas, Michael",Alasof,TS BH15,11:32:00,1.20,1.18,1.51,30.9,7.56,676,1.38,31.4,Y,1,2,4,1,1,1,5,11:48:00,1.14,1.18,1.44,31.3,7.67,706,1.02,293,T,243,290,M,247,,,,245,,11:51:00,11:56:00,0:05:00,,12:00:00,0.06,0.95,0.84,32.9,7.65,694,1.42,,,"April 6, 2013",18:00:00,0.04,0.33,3.29,33.4,7.63,652,1.31,38.2,1,1,1,,1,4,2,3,1,5
T42,"April 6, 2013",Batil ,"Thomas, Michael",Alasof,TS BH15,12:22:00,0.91,0.99,1.64,32.1,7.35,618,1.52,39.9,Y,3,2,6,1,1,1,5,12:32:00,0.92,0.91,1.34,31.2,7.56,692,0.96,100,T,83,242,M,206,,,,144,,12:35:00,12:42:00,0:07:00,,12:48:00,1.02,0.97,2.40,32.9,7.57,661,1.42,,,"April 6, 2013",18:30:00,1.01,1.08,3.41,32.6,7.61,651,1.42,40.9,2,2,1,,1,6,1,1,1,5
T43,"April 6, 2013",Batil ,"Thomas, Michael",Alasof,TS BH15,12:59:00,0.88,0.89,4.27,32.3,7.35,705,1.10,42.7,Y,3,2,5,1,2,1,5,13:20:00,1.10,1.08,1.43,33.3,7.56,691,1.05,200,T,166,220,M,187,,,,177,,13:21:00,13:28:00,0:07:00,,13:35:00,0.04,0.96,1.13,34.4,7.56,697,1.65,,,"April 6, 2013",17:56:00,0.04,0.71,2.37,37.6,7.40,687,1.25,34.7,2,2,2,,2,5,1,2,1,5
S52,"April 6, 2013",Batil ,"Simon, Khalil",Close to clinic,TS BH45,8:00:00,1.36,1.60,0.14,28.2,7.15,775,0.856,26.4,Y,4,1,1,1,2,1,3,8:10:00,1.22,1.24,1.27,28.3,8.14,769,0.810,500,S,365,483,K,386,,,,376,,8:21:00,8:26:00,0:05:00,,8:27:00,1.24,1.28,1.23,28.3,7.37,771,0.813,,,"April 6, 2013",16:26:00,0.46,0.47,0.01,36.4,7.46,497,0.791,37.9,2,2,1,,2,1,1,2,1,3
S53,"April 6, 2013",Batil ,"Simon, Khalil",Close to clinic,TS BH45,8:43:00,1.56,1.54,0.01,28.0,7.38,792,0.824,24.8,Y,4,1,1,1,2,1,5,8:57:00,1.40,1.36,0.91,28.4,7.22,772,0.802,390,S,285,353,K,282,,,,284,,9:10:00,9:14:00,0:04:00,,9:16:00,1.38,1.36,0.68,28.9,7.39,758,0.800,,,"April 6, 2013",16:46:00,1.18,1.14,0.01,36.0,7.37,743,0.786,35.9,2,2,1,,1,1,1,2,1,5
S54,"April 6, 2013",Batil ,"Simon, Khalil",Alasof,TS BH15,10:31:00,1.20,1.20,0.14,29.4,7.36,746,1.04,30.9,Y,1,1,5,1,2,1,6,10:46:00,1.22,1.16,2.01,30.2,7.35,757,0.953,100,S,73,95,K,76,,,,75,,10:54:00,10:55:00,0:01:00,,10:58:00,1.22,1.20,1.80,31.2,7.43,766,1.00,,,"April 6, 2013",18:17:00,0.74,0.79,1.32,36.8,7.47,715,1.00,29.9,2,2,1,,2,5,1,2,1,6
S55,"April 6, 2013",Batil ,"Simon, Khalil",Alasof,TS BH15,11:11:00,1.04,1.02,0.80,30.0,7.39,728,1.03,28.4,Y,3,1,5,2,2,1,6,11:30:00,1.26,1.28,1.57,31.8,7.38,747,0.947,280,S,204,250,K,200,,,,202,,11:38:00,11:41:00,0:03:00,,11:43:00,1.18,1.18,1.86,32.4,7.53,751,0.99,,,"April 6, 2013",17:44:00,0.08,0.14,2.49,37.3,7.68,373,0.919,34.2,1,2,1,,2,1,1,3,1,5
S56,"April 6, 2013",Batil ,"Simon, Khalil",Alasof,TS BH15,12:00:00,1.20,1.06,2.30,31.0,7.30,701,0.992,32.1,Y,1,1,4,2,2,1,5,12:23:00,0.99,1.04,1.41,31.5,7.32,740,0.96,700,S,511,646,K,517,,,,514,,12:32:00,12:42:00,0:10:00,,12:44:00,0.55,0.58,1.27,32.5,7.48,682,0.966,,,"April 6, 2013",17:24:00,0.18,0.16,7.98,37.8,8.19,337,0.90,35.9,1,2,1,,2,5,2,3,1,5
S57,"April 6, 2013",Batil ,"Simon, Khalil",Alasof,TS BH15,13:06:00,0.89,0.91,0.72,33.6,7.17,753,0.935,35.9,Y,1,1,5,1,2,1,6,13:20:00,1.14,1.08,0.02,33.9,7.27,745,0.96,300,S,219,282,K,226,,,,222,,13:30:00,13:34:00,0:04:00,,13:36:00,1.04,1.04,0.64,33.9,7.32,759,0.98,,,"April 6, 2013",18:00:00,0.26,0.30,1.02,35.6,7.59,570,0.943,31.9,1,2,1,,1,1,2,2,1,1
S58,"April 8, 2013",Batil ,"Simon, Khalil",Subat,TS BH26,8:56:00,0.93,1.04,0.30,29.7,6.99,761,0.711,30.9,Y,1,1,6,2,2,1,5,9:00:00,0.98,0.99,0.89,29.4,7.07,760,0.694,200,S,146,188,K,150,,,,148,,9:17:00,9:18:00,0:01:00,,9:21:00,0.96,0.98,0.98,29.7,7.15,765,0.740,,,"April 8, 2013",16:40:00,0.28,0.42,1.77,38.2,7.26,453,0.888,37.9,2,2,1,,2,6,1,2,1,5
S59,"April 8, 2013",Batil ,"Simon, Khalil",Subat,TS BH26,9:40:00,1.54,1.52,0.85,29.5,6.97,790,0.718,29.1,Y,1,1,5,1,3,1,5,9:50:00,1.62,1.54,0.48,29.9,7.01,793,0.695,360,S,263,344,K,275,,,,269,,9:59:00,10:04:00,0:05:00,,10:08:00,1.50,1.50,0.94,30.7,7.15,783,0.756,,,"April 8, 2013",16:57:00,1.24,1.24,0.74,38.9,7.27,760,0.799,35.2,2,2,1,,2,5,1,3,1,5
S60,"April 8, 2013",Batil ,"Simon, Khalil",Subat,TS BH26,10:32:00,1.88,1.82,0.39,30.4,6.97,809,0.713,30.9,Y,1,1,5,1,3,1,6,10:43:00,2.00,1.96,0.82,30.5,7.06,792,0.694,300,S,219,280,K,224,,,,222,,10:52:00,10:55:00,0:03:00,,10:57:00,2.00,1.96,0.82,31.1,7.23,788,0.703,,,"April 8, 2013",18:09:00,1.78,1.74,0.51,35.3,7.21,786,0.899,32.9,2,2,2,,2,5,1,3,1,6
S61,"April 8, 2013",Batil ,"Simon, Khalil",Subat,TS BH26,11:13:00,1.80,1.76,1.10,30.7,7.12,792,0.725,31.7,Y,1,1,2,1,2,2,2,11:26:00,1.76,1.74,1.10,30.4,7.10,786,0.682,350,S,256,315,K,252,,,,254,,11:35:00,11:42:00,0:07:00,,11:43:00,1.32,1.40,1.28,31.1,7.20,777,0.788,,,"April 8, 2013",17:19:00,1.20,1.24,1.00,35.5,7.39,769,0.808,37.9,2,2,2,,2,2,1,2,2,2
S62,"April 8, 2013",Batil ,"Simon, Khalil",Subat,TS BH26,12:06:00,0.62,0.60,1.53,36.4,7.01,745,0.658,35.9,Y,1,1,5,2,3,1,5,12:20:00,0.51,0.51,0.95,31.6,7.05,695,0.692,300,S,219,283,K,226,,,,223,,12:27:00,12:30:00,0:03:00,,12:30:00,0.43,0.45,1.07,32.0,7.21,662,0.749,,,"April 8, 2013",17:52:00,0.21,0.26,0.17,36.4,7.27,578,0.801,33.9,1,2,1,,2,5,1,2,1,5
S63,"April 8, 2013",Batil ,"Simon, Khalil",Subat,TS BH26,12:58:00,1.58,1.70,0.98,37.6,7.24,736,0.776,34.9,Y,1,1,4,1,2,1,5,13:10:00,1.56,1.52,1.31,31.4,7.07,765,0.654,370,S,270,350,K,280,,,,275,,13:21:00,13:25:00,0:04:00,,13:27:00,1.46,1.46,1.29,32.7,7.13,783,0.732,,,"April 8, 2013",17:36:00,0.74,0.81,1.31,35.7,7.41,729,0.800,33.8,1,2,1,,1,7,1,2,1,6
T44,"April 8, 2013",Batil ,"Thomas, Ter, Imran (SE#4)",Subat,TS BH26,8:52:00,1.12,1.08,5.79,29.2,7.29,342,0.142,33.3,Y,1,2,5,2,2,1,5,9:08:00,0.08,1.06,6.39,29.5,7.41,231,0.904,420,T,349,300,R,249,,,,299,353,9:19:00,9:21:00,0:02:00,,9:29:00,0.07,0.03,13.30,30.4,7.31,321,0.903,,,"April 8, 2013",16:49:00,0.35,0.38,10.70,36.7,7.43,414,0.830,40.2,2,2,2,,2,5,2,2,1,5
T45,"April 8, 2013",Batil ,"Thomas, Ter",Subat,TS BH26,9:56:00,1.46,1.44,2.78,29.9,7.21,727,0.294,35.6,Y,1,2,5,2,2,1,6,10:09:00,0.92,0.90,1.76,30.9,7.20,710,0.242,470,T,390,461,R,383,,,,386,,10:15:00,10:20:00,0:05:00,,10:24:00,0.91,0.91,1.43,30.4,7.47,621,0.208,,,"April 8, 2013",18:19:00,0.81,0.17,11.70,35.5,7.51,631,0.720,36.8,2,2,1,,2,5,2,2,1,6
T46,"April 8, 2013",Batil ,"Thomas, Ter",Subat,TS BH26,11:06:00,0.94,1.86,2.58,27.3,7.23,579,1.180,37.1,Y,1,2,5,2,3,1,5,11:24:00,1.86,1.82,6.76,30.7,7.31,712,1.03,100,T,83,120,R,100,,,,91,,11:31:00,11:33:00,0:02:00,,11:40:00,0.12,0.05,1.14,32.4,7.41,361,1.02,,,"April 8, 2013",17:20:00,1.22,1.14,3.66,35.1,7.31,213,2.01,37.5,2,2,2,,2,5,2,3,1,5
T47,"April 8, 2013",Batil ,"Thomas, Ter",Subat,TS BH26,11:51:00,0.98,0.99,0.24,32.1,7.24,716,0.267,37.5,Y,1,2,4,1,2,1,5,11:59:00,0.56,0.59,1.42,30.9,7.41,714,0.265,630,T,523,720,R,598,,,,560,,12:06:00,12:25:00,0:19:00,,12:30:00,0.46,0.45,1.49,32.7,7.29,901,0.973,,,"April 8, 2013",18:01:00,0.34,0.36,3.21,30.9,7.40,841,0.732,36.1,2,2,1,,2,4,2,2,1,5
T48,"April 8, 2013",Batil ,"Thomas, Ter",Subat,TS BH26,13:02:00,1.62,1.56,1.07,33.4,7.13,673,0.852,41.2,Y,1,2,5,1,2,1,5,13:05:00,1.64,1.60,1.82,32.7,7.30,723,0.748,170,T,141,100,R,83,,,,112,,13:14:00,13:19:00,0:05:00,,13:27:00,1.52,1.50,2.48,33.1,7.32,718,0.319,,,"April 8, 2013",17:39:00,1.18,1.14,4.37,36.7,7.31,627,0.234,39.1,2,2,1,,,5,2,2,1,5
T49,"April 9, 2013",Batil ,"Thomas, Issa",Mogam,TS BH16,8:53:00,2.30,2.20,8.77,29.8,7.35,628,,31.1,Y,1,2,5,1,3,1,5,9:09:00,2.20,2.08,1.70,30.3,7.50,717,,476,T,395,480,E,408,,,,402,,9:13:00,9:18:00,0:05:00,,9:31:00,1.06,1.90,2.29,31.6,7.51,733,,,,"April 9, 2013",16:43:00,1.44,1.41,1.57,31.6,7.49,701,,39.9,2,1,1,,1,5,1,3,1,5
T50,"April 9, 2013",Batil ,"Thomas, Issa",Mogam,TS BH16,9:48:00,1.32,1.28,1.30,31.6,7.50,654,,31.6,Y,1,2,5,1,3,1,6,10:01:00,1.22,1.24,2.65,31.6,7.67,681,,238,T,198,348,E,296,,,,247,,10:06:00,10:17:00,0:11:00,,10:18:00,1.20,1.21,2.02,36.3,7.61,671,,,,"April 9, 2013",16:58:00,1.20,1.18,2.02,35.7,7.59,682,,39.4,2,2,1,,2,5,1,3,1,6
T51,"April 9, 2013",Batil ,"Thomas, Issa",Mogam,TS BH16,10:51:00,1.24,1.26,1.23,31.6,7.46,720,,31.6,Y,1,2,4,1,2,1,5,10:59:00,1.26,1.14,1.43,31.6,7.64,658,,190,T,158,193,E,164,,,,161,,11:03:00,11:07:00,0:04:00,,11:14:00,1.18,1.12,1.83,31.6,7.61,650,,,,"April 9, 2013",17:23:00,0.92,1.02,3.08,31.6,7.59,672,,31.6,1,2,1,,2,4,1,2,1,5
T52,"April 9, 2013",Batil ,"Thomas, Issa",Mogam,TS BH16,11:27:00,1.44,1.40,1.42,31.6,7.37,709,,31.6,Y,1,2,5,2,3,1,5,11:38:00,1.42,1.38,1.97,31.6,7.53,720,,54,T,45,52,E,44,,,,45,,11:41:00,11:43:00,0:02:00,,11:45:00,1.22,1.24,1.35,33.3,7.54,701,,,,"April 9, 2013",17:08:00,1.21,0.03,0.94,31.6,7.43,513,,31.6,2,2,1,,1,5,2,3,1,5
T53,"April 9, 2013",Batil ,"Thomas, Issa",Mogam,TS BH16,12:06:00,1.24,1.16,1.30,31.6,7.35,681,,31.6,Y,1,2,5,2,3,1,5,12:20:00,1.32,1.34,2.10,31.6,7.49,654,,172,T,143,175,E,149,,,,146,,12:22:00,12:24:00,0:02:00,,12:33:00,1.22,1.20,0.63,33.8,7.48,671,,,,"April 9, 2013",,,,,,,,,,,,,,,,,,,
S64,"April 9, 2013",Batil ,"Simon, Kahlil",Mogam,TS BH16,8:49:00,2.02,2.00,1.51,29.6,7.19,779,0.93,28.2,Y,1,1,5,2,3,1,5,8:50:00,2.30,2.10,1.49,39.5,7.25,776,0.79,350,S,256,320,K,256,,,,256,,9:10:00,9:14:00,0:04:00,,9:16:00,2.20,2.00,1.42,29.8,7.34,786,0.92,,,"April 9, 2013",17:35:00,1.66,1.62,1.75,36.6,7.64,742,0.851,34.9,1,1,1,,2,5,2,3,1,5
S65,"April 9, 2013",Batil ,"Simon, Kahlil",Mogam,TS BH16,9:34:00,1.20,1.16,0.89,30.7,7.33,773,1.01,29.6,Y,1,1,4,1,2,1,5,9:50:00,1.18,1.18,2.14,30.1,7.28,746,0.969,150,S,110,130,K,104,,,,107,,9:56:00,9:58:00,0:02:00,,9:59:00,1.14,1.14,2.28,31.0,7.40,757,1.04,,,"April 9, 2013",17:04:00,0.17,0.25,8.77,36.5,7.84,377,0.98,32.5,1,2,1,,2,2,2,3,2,2
S66,"April 9, 2013",Batil ,"Simon, Kahlil",Mogam,TS BH16,10:16:00,1.26,1.14,1.43,31.5,7.27,769,1.01,30.4,Y,1,1,6,1,2,1,5,10:26:00,0.97,0.99,1.68,31.1,7.34,759,0.963,160,S,117,150,K,120,,,,118,,10:33:00,10:35:00,0:02:00,,10:37:00,1.08,1.02,1.43,31.6,7.90,737,1.04,,,"April 9, 2013",17:17:00,0.45,0.49,2.02,36.0,7.57,675,0.968,31.2,2,2,1,,2,6,1,2,1,5
S67,"April 9, 2013",Batil ,"Simon, Kahlil",Mogam,TS BH16,10:52:00,1.16,1.08,0.82,33.4,7.67,747,1.02,29.9,Y,1,1,6,1,2,1,5,11:04:00,1.08,1.04,1.45,32.0,7.33,741,0.982,600,S,438,580,K,464,,,,451,,11:11:00,11:20:00,0:09:00,,11:22:00,0.99,0.91,2.20,34.0,7.40,725,1.12,,,"April 9, 2013",16:39:00,0.09,0.17,1.90,36.3,7.60,270,0.996,35.9,1,2,1,,1,6,1,3,1,5
S68,"April 9, 2013",Batil ,"Simon, Kahlil",Mogam,TS BH16,11:54:00,1.08,1.14,0.71,31.9,7.64,755,0.861,32.6,Y,1,1,6,1,2,1,5,12:08:00,1.32,1.36,1.38,31.9,7.23,746,0.842,110,S,80,93,K,74,,,,77,,12:15:00,12:17:00,0:02:00,,12:20:00,1.24,1.26,1.23,32.0,7.33,765,0.870,,,"April 9, 2013",18:05:00,0.56,0.59,1.36,35.2,7.30,722,0.847,32.9,2,2,1,,2,6,1,2,1,5
S69,"April 9, 2013",Batil ,"Simon, Kahlil",Mogam,TS BH16,12:34:00,1.36,1.34,2.32,31.9,7.18,745,0.844,30.6,Y,1,1,6,1,2,1,5,12:44:00,1.01,1.01,2.17,32.2,7.20,752,0.842,90,S,66,83,K,66,,,,66,,12:52:00,12:55:00,0:03:00,,12:57:00,0.91,0.93,1.20,32.6,7.32,741,0.831,,,"April 9, 2013",17:50:00,0.48,0.61,2.01,35.0,7.35,708,0.834,36.5,2,2,1,,2,6,1,2,1,5
S70,"April 10, 2013",Batil ,"Simon, Kahlil",Market South,TS GOAL,8:33:00,0.91,0.92,0.34,28.5,5.79,861,,25.9,Y,5,1,5,2,3,1,5,8:46:00,0.84,0.87,2.28,29.5,5.26,750,,160,S,117,140,K,112,,,,114,,8:54:00,8:56:00,0:02:00,,9:00:00,0.67,0.69,3.93,29.1,7.39,683,,,,"April 9, 2013",17:35:00,0.06,0.10,3.34,34.5,7.57,481,,30.6,2,2,2,,1,5,2,3,1,5
S71,"April 10, 2013",Batil ,"Simon, Kahlil",Market South,TS GOAL,9:14:00,0.88,0.91,0.77,29.2,7.23,719,,24.9,Y,5,1,5,1,2,1,5,9:24:00,0.91,0.88,0.55,29.3,7.29,724,,200,S,146,180,K,144,,,,145,,9:36:00,9:38:00,0:02:00,,9:41:00,0.83,0.91,0.63,29.8,7.41,697,,,,"April 10, 2013",17:19:00,0.76,0.78,1.25,38.4,7.30,712,,34.7,2,2,2,,1,5,1,2,1,5
S72,"April 10, 2013",Batil ,"Simon, Kahlil",Market South,TS GOAL,9:58:00,0.91,0.92,0.31,29.6,6.35,736,,26.8,Y,5,1,6,1,2,1,5,10:09:00,0.83,0.90,1.09,,7.30,715,,160,S,117,155,K,124,,,,120,,10:18:00,10:20:00,0:02:00,,10:22:00,0.85,0.78,0.74,29.9,7.39,715,,,,"April 10, 2013",17:05:00,0.51,0.55,0.97,37.8,7.57,659,,38.5,2,2,2,,1,6,1,2,1,5
S73,"April 10, 2013",Batil ,"Simon, Kahlil",Market South,TS GOAL,10:40:00,0.90,0.90,0.70,29.8,5.88,725,,26.9,Y,5,1,6,1,2,1,5,10:50:00,0.75,0.77,1.08,30.0,6.07,733,,180,S,131,170,K,136,,,,134,,11:00:00,11:03:00,0:03:00,,11:05:00,0.65,0.67,0.42,30.1,6.02,709,,,,"April 10, 2013",17:50:00,0.04,0.06,2.13,34.9,7.74,412,,30.7,2,2,1,,1,6,1,2,1,5
S74,"April 10, 2013",Batil ,"Simon, Kahlil",Market South,TS GOAL,11:20:00,0.91,0.92,0.36,31.1,7.20,730,,29.4,Y,5,1,5,2,3,1,5,11:30:00,0.76,0.77,0.83,30.7,7.31,720,,130,S,95,120,K,96,,,,95,,11:41:00,11:43:00,0:02:00,,11:44:00,0.66,0.68,0.39,31.8,7.45,673,,,,"April 10, 2013",16:30:00,0.09,0.14,1.77,39.2,7.53,277,,37.7,2,2,2,,2,5,2,3,1,5
S75,"April 10, 2013",Batil ,"Simon, Kahlil",Market South,TS GOAL,11:58:00,0.86,0.89,0.61,36.4,7.22,714,,32.3,Y,5,1,6,1,2,1,5,12:10:00,0.68,0.74,1.13,36.2,7.28,716,,130,S,95,120,K,96,,,,95,,12:20:00,12:22:00,0:02:00,,12:23:00,0.64,0.70,1.27,36.7,6.76,706,,,,"April 10, 2013",16:50:00,0.37,0.37,1.20,37.6,7.49,599,,35.9,2,2,1,,1,6,1,2,1,5
T54,"April 10, 2013",Batil ,"Thomas, Issa",Market South,TS GOAL,8:28:00,0.98,0.94,1.28,31.6,7.52,510,0.864,31.6,Y,2,2,5,1,3,1,5,8:31:00,0.73,0.72,1.86,31.6,7.60,562,0.739,158,T,131,169,E,144,,,,137,,8:44:00,8:59:00,0:15:00,,9:05:00,0.67,0.67,2.55,31.6,7.56,541,0.91,,,"April 10, 2013",16:41:00,0.20,0.26,3.24,30.9,8.25,292,0.96,31.6,2,2,2,,1,5,1,3,1,5
T55,"April 10, 2013",Batil ,"Thomas, Issa",Market South,TS GOAL,9:19:00,0.90,0.89,1.48,30.5,7.39,619,1.18,28.4,Y,5,2,6,1,2,1,5,9:02:00,0.77,0.76,1.48,29.3,7.61,631,0.861,260,T,216,280,E,238,,,,227,,9:36:00,9:43:00,0:07:00,,9:49:00,0.80,0.78,1.45,32.9,7.53,619,0.98,,,"April 10, 2013",16:52:00,0.41,0.51,3.63,31.6,7.41,505,1.01,31.6,1,2,1,,1,6,1,2,1,5
T56,"April 10, 2013",Batil ,"Thomas, Issa",Market South,TS GOAL,10:09:00,0.92,0.89,0.65,31.3,4.39,653,1.11,33.8,Y,2,2,6,1,2,1,5,10:23:00,0.82,0.81,1.00,32.3,3.37,546,1.43,289,T,240,280,E,238,,,,239,,10:51:00,10:58:00,0:07:00,,10:38:00,0.57,0.61,2.60,31.6,7.61,534,0.97,,,"April 10, 2013",17:07:00,0.09,0.08,5.44,31.6,7.57,253,0.763,31.6,2,2,1,,3,6,1,2,1,5
T57,"April 10, 2013",Batil ,"Thomas, Issa",Market South,TS GOAL,10:52:00,0.87,0.84,1.24,31.6,7.36,676,0.93,31.6,Y,2,2,6,2,3,1,6,10:58:00,0.68,0.67,0.76,31.6,7.53,664,0.807,290,T,241,298,E,253,,,,247,,11:13:00,11:15:00,0:02:00,,11:21:00,0.78,0.83,6.93,31.4,7.54,630,0.872,,,"April 10, 2013",17:22:00,0.37,0.46,1.74,31.9,7.52,449,1.02,31.6,2,2,1,,2,6,2,3,1,6
T58,"April 10, 2013",Batil ,"Thomas, Issa",Market South,TS GOAL,11:38:00,0.90,0.88,1.51,31.6,7.34,681,0.950,31.6,Y,2,2,4,1,2,1,5,11:45:00,0.79,0.78,1.51,31.6,7.56,662,0.91,200,T,166,260,E,221,,,,194,,11:52:00,11:57:00,0:05:00,,11:58:00,0.69,0.72,2.88,31.6,7.56,607,0.92,,,"April 10, 2013",17:38:00,0.38,0.10,1.43,31.3,7.62,616,0.71,31.6,2,2,1,,2,4,1,2,1,5
T59,"April 10, 2013",Batil ,"Thomas, Issa",Market South,TS GOAL,12:21:00,0.86,0.85,1.57,31.7,7.28,644,1.06,31.6,Y,5,2,4,1,1,1,5,12:32:00,0.82,0.66,2.41,31.7,7.53,653,0.914,100,T,83,120,E,102,,,,93,,12:34:00,12:41:00,0:07:00,,12:43:00,0.54,0.56,2.31,31.6,7.56,573,1.09,,,"April 10, 2013",18:01:00,0.11,0.02,3.53,31.6,7.65,284,0.31,31.6,2,2,1,,3,4,1,1,1,5
S76,"April 11, 2013",Gendrassa,"Simon, Khalil",Near UNOPS,TS15,9:20:00,0.66,0.89,0.15,28.7,6.52,540,,28.6,Y,4,1,5,1,3,1,6,9:28:00,0.66,0.89,0.63,28.5,6.63,558,,200,S,146,184,K,147,,,,147,,9:29:00,9:39:00,0:10:00,,9:41:00,0.54,0.64,0.01,29.0,6.76,513,,,,"April 11, 2013",16:37:00,0.36,0.34,1.66,30.8,7.02,424,,31.6,2,2,1,50%,2,5,1,3,1,6
S77,"April 11, 2013",Gendrassa,"Simon, Khalil",Near UNOPS,TS15,9:58:00,0.75,0.80,0.52,29.0,6.58,590,,27.2,Y,4,1,5,2,3,1,5,10:20:00,0.72,0.75,0.56,30.0,6.61,553,,260,S,190,244,K,195,,,,193,,10:27:00,10:31:00,0:04:00,,10:32:00,0.66,0.69,1.26,29.5,6.73,525,,,,"April 11, 2013",16:54:00,0.03,0.10,2.85,34.0,7.07,362,,36.2,1,2,1,50%,2,5,2,3,1,5
S78,"April 11, 2013",Gendrassa,"Simon, Khalil",Near UNOPS,TS15,10:51:00,0.75,0.80,0.34,29.7,6.60,540,,31.9,Y,4,1,2,2,3,2,2,11:23:00,0.72,0.76,1.21,30.1,6.48,553,,150,S,110,130,K,104,,,,107,,11:28:00,11:34:00,0:06:00,,11:35:00,0.72,0.73,1.54,30.5,6.64,550,,,,"April 11, 2013",17:14:00,0.03,0.05,8.37,32.3,7.44,318,,29.8,1,2,1,,2,9,1,3,1,4
S79,"April 11, 2013",Gendrassa,"Simon, Khalil",Near UNOPS,TS15,11:57:00,0.75,0.76,0.19,30.4,6.53,548,,31.2,Y,4,1,5,2,2,1,6,12:09:00,0.65,0.69,0.53,30.5,6.58,529,,140,S,102,130,K,104,,,,103,,12:19:00,12:22:00,0:03:00,,12:23:00,0.58,0.83,0.79,30.8,6.69,514,,,,"April 11, 2013",16:18:00,0.16,0.27,1.57,34.6,6.97,372,,36.2,1,2,1,25%,2,8,1,2,1,1
T60,"April 11, 2013",Gendrassa,"Thomas, Issa",Near UNOPS,TS15,9:20:00,0.61,0.87,1.23,28.4,6.80,514,0.503,31.8,Y,4,2,6,2,3,1,6,9:42:00,0.75,0.82,0.38,28.4,6.96,513,0.453,190,T,158,180,E,153,,,,155,,9:48:00,9:51:00,0:03:00,,9:58:00,0.67,0.72,3.30,29.5,6.96,490,0.520,,,"April 11, 2013",16:30:00,0.55,0.59,1.93,34.8,6.96,452,0.691,38.1,2,2,1,25%,2,6,2,3,1,6
T61,"April 11, 2013",Gendrassa,"Thomas, Issa",Near UNOPS,TS15,10:19:00,0.76,0.73,0.97,29.3,6.64,536,0.530,38.1,Y,4,2,5,2,3,1,5,10:38:00,0.66,0.70,0.97,29.4,6.83,499,0.525,197,T,164,192,E,163,,,,163,,10:48:00,10:51:00,0:03:00,,10:51:00,0.72,0.75,1.68,29.5,6.88,472,0.623,,,"April 11, 2013",,,,,,,,,,,,,0%,,,,,,
T62,"April 11, 2013",Gendrassa,"Thomas, Issa",Near UNOPS,TS15,11:16:00,0.78,0.79,2.05,29.3,6.61,533,0.677,30.4,Y,4,1,1,2,1,1,1,11:29:00,0.73,0.79,0.45,29.3,6.84,419,0.443,190,T,158,187,E,159,,,,158,,11:33:00,11:39:00,0:06:00,,11:37:00,0.66,0.64,2.09,29.3,6.91,442,0.640,,,"April 11, 2013",16:46:00,0.17,0.21,4.37,33.2,7.37,332,0.672,34.5,2,2,1,75%,2,1,2,1,1,1
T63,"April 11, 2013",Gendrassa,"Thomas, Issa",Near UNOPS,TS15,12:00:00,0.69,0.75,2.30,31.0,6.65,491,0.496,29.3,Y,4,2,5,2,2,1,6,12:10:00,0.67,0.72,1.12,29.3,6.87,507,0.448,290,T,241,289,E,246,,,,243,,12:20:00,12:28:00,0:08:00,,12:29:00,0.65,0.68,1.50,29.3,6.89,419,0.597,,,"April 11, 2013",17:09:00,0.42,0.39,1.36,31.6,6.64,421,0.561,34.9,2,2,1,,2,5,2,2,1,6
T64,"April 12, 2013",Gendrassa,"Thomas, Issa",Magaja,TS10,8:03:00,5.10,5.20,1.56,28.6,7.74,708,0.781,27.1,Y,4,2,5,2,3,1,5,8:54:00,4.70,4.70,27.40,30.2,7.91,732,0.635,120,T,100,127,E,108,,,,104,,9:00:00,9:03:00,0:03:00,,9:09:00,4.90,4.70,1.31,31.2,7.86,703,0.716,,,"April 12, 2013",16:31:00,4.60,4.20,2.25,36.4,7.63,644,0.601,33.2,2,2,1,10%,2,5,2,3,1,5
T65,"April 12, 2013",Gendrassa,"Thomas, Issa",Magaja,TS10,9:21:00,1.18,1.14,1.52,29.5,7.69,649,0.96,29.6,Y,4,2,4,2,2,1,5,9:33:00,1.04,1.09,1.46,29.8,7.74,664,0.634,229,T,190,220,E,187,,,,189,,9:40:00,9:47:00,0:07:00,,9:56:00,0.85,0.87,1.18,28.6,7.72,508,0.652,,,"April 12, 2013",16:47:00,0.10,0.11,1.63,28.7,8.08,270,0.805,33.9,1,2,1,50%,2,4,2,2,1,5
T66,"April 12, 2013",Gendrassa,"Thomas, Issa",Magaja,TS10,10:07:00,1.18,1.16,2.14,30.4,7.56,557,0.835,26.8,Y,4,2,5,2,2,1,5,10:19:00,1.08,1.06,2.36,30.3,7.60,613,0.654,81,T,67,90,E,77,,,,72,,10:24:00,10:26:00,0:02:00,,10:31:00,0.99,0.98,1.70,29.5,7.77,608,0.624,,,"April 12, 2013",17:52:00,0.75,0.73,1.41,37.1,7.72,442,0.646,33.3,1,2,1,50%,3,4,1,1,1,5
T67,"April 12, 2013",Gendrassa,"Thomas, Issa",Magaja,TS10,10:54:00,1.12,1.10,1.44,31.1,7.57,539,0.691,33.4,Y,4,2,5,2,1,1,5,10:59:00,0.92,0.91,1.15,31.7,7.67,560,0.643,150,T,125,140,E,119,,,,122,,11:01:00,11:04:00,0:03:00,,11:09:00,1.06,1.04,2.14,31.3,7.68,615,0.754,,,"April 12, 2013",17:30:00,0.60,0.59,2.33,35.1,7.64,426,0.705,30.1,2,2,2,100%,2,5,2,1,1,5
T68,"April 12, 2013",Gendrassa,"Thomas, Issa",Magaja,TS10,11:23:00,1.20,1.14,2.82,31.4,7.56,406,0.96,34.1,Y,4,2,5,2,2,1,5,11:30:00,0.97,0.94,2.59,31.9,7.72,546,0.663,118,T,98,115,E,98,,,,98,,11:32:00,11:38:00,0:06:00,,11:50:00,0.73,0.79,1.70,30.9,7.68,435,0.671,,,"April 12, 2013",17:14:00,0.44,0.38,2.60,31.9,7.66,360,0.662,30.2,1,2,1,50%,2,5,2,2,1,5
T69,"April 12, 2013",Gendrassa,"Thomas, Issa",Magaja,TS10,12:06:00,1.10,1.04,1.40,31.5,7.58,575,0.746,28.6,Y,4,2,5,2,2,1,5,12:19:00,0.83,0.18,5.04,31.1,7.66,507,0.673,70,T,58,80,E,68,,,,63,,12:27:00,12:29:00,0:02:00,,12:39:00,0.67,0.66,6.02,30.9,7.72,510,0.693,,,"April 12, 2013",18:10:00,0.41,0.46,5.54,31.9,7.60,461,0.627,28.3,2,2,1,50%,2,5,2,2,1,5
S80,"April 12, 2013",Gendrassa,"Simon, Khalil",Magaja,TS10,8:30:00,5.20,5.20,0.91,28.6,7.65,755,,24.8,Y,4,1,5,2,3,1,5,8:40:00,1.82,1.84,1.62,29.9,7.66,714,,90,S,66,80,K,64,,,,65,,9:00:00,9:03:00,0:03:00,,9:04:00,1.74,1.70,1.38,31.3,7.73,716,,,,"April 12, 2013",16:20:00,1.04,1.06,3.82,36.3,7.89,678,,32.7,2,2,1,50%,2,5,2,3,1,5
S81,"April 12, 2013",Gendrassa,"Simon, Khalil",Magaja,TS10,9:17:00,1.18,1.16,0.92,29.3,7.55,699,,28.4,Y,4,1,6,2,2,1,5,9:36:00,0.98,1.00,1.65,29.9,6.12,766,,40,S,29,30,K,24,,,,27,,9:42:00,9:44:00,0:02:00,,9:45:00,0.88,0.90,1.48,29.8,7.67,698,,,,"April 12, 2013",16:36:00,0.05,0.13,3.53,34.4,7.83,340,,34.9,2,2,1,25%,2,6,2,2,1,5
S82,"April 12, 2013",Gendrassa,"Simon, Khalil",Magaja,TS10,9:57:00,1.12,1.10,0.99,30.4,7.44,734,,32.0,Y,4,1,5,2,3,1,5,10:00:00,1.08,1.08,0.70,30.3,7.63,705,,150,S,110,130,K,104,,,,107,,10:21:00,10:23:00,0:02:00,,10:26:00,1.10,1.12,0.22,30.6,7.77,715,,,,"April 12, 2013",16:56:00,0.77,0.80,0.80,32.0,7.70,709,,31.4,2,2,1,25%,2,5,2,3,1,5
S83,"April 12, 2013",Gendrassa,"Simon, Khalil",Magaja,TS10,10:40:00,1.22,1.12,0.64,30.2,7.56,734,,30.2,Y,4,1,4,1,2,1,5,10:53:00,0.98,0.98,0.71,30.4,7.57,704,,210,S,153,200,K,160,,,,157,,11:00:00,11:03:00,0:03:00,,11:06:00,1.01,1.01,0.95,30.3,7.74,700,,,,"April 12, 2013",17:27:00,0.17,0.19,1.77,,7.88,534,,33.1,2,2,1,10%,3,4,1,2,1,5
S84,"April 12, 2013",Gendrassa,"Simon, Khalil",Magaja,TS10,11:20:00,1.08,1.10,1.33,30.8,7.53,673,,31.9,Y,4,1,6,2,2,1,5,11:38:00,0.89,0.95,0.47,31.7,7.58,642,,90,S,66,80,K,64,,,,65,,11:47:00,11:48:00,0:01:00,,11:50:00,,,,,,,,,,,,,,,,,,,,,,,,,,,,,
S85,"April 12, 2013",Gendrassa,"Simon, Khalil",Magaja,TS10,12:09:00,1.12,1.10,0.33,30.4,7.55,679,,30.9,Y,4,1,5,2,2,1,6,12:23:00,0.93,0.99,2.15,30.2,7.63,640,,160,S,117,150,K,120,,,,118,,12:32:00,12:34:00,0:02:00,,12:37:00,0.65,0.69,3.80,31.4,7.77,627,,,,"April 12, 2013",17:48:00,0.06,0.14,7.28,31.1,6.30,456,,30.7,1,2,1,0%,2,5,2,2,1,5
T70,"April 13, 2013",Gendrassa,"Thomas, Issa",Fadamia Al Um,TS18,8:34:00,3.40,3.30,1.69,27.8,6.77,726,0.407,23.1,Y,4,2,5,2,2,1,5,8:51:00,3.40,3.30,1.27,28.5,6.75,707,0.360,256,T,212,254,E,216,,,,214,,8:53:00,8:57:00,0:04:00,,8:57:00,3.10,3.00,2.76,28.7,6.81,705,0.558,,,"April 13, 2013",16:30:00,1.41,1.80,4.01,30.1,7.05,430,0.482,31.6,1,2,1,10%,3,4,2,2,1,5
T71,"April 13, 2013",Gendrassa,"Thomas, Issa",Fadamia Al Um,TS18,9:16:00,3.30,3.20,1.78,28.6,8.86,707,0.437,22.3,Y,4,2,4,2,2,1,5,9:37:00,3.20,3.10,2.85,29.2,6.76,697,0.391,60,T,50,70,E,60,,,,55,,9:40:00,9:45:00,0:05:00,,9:51:00,3.10,3.10,2.94,29.3,6.77,706,1.11,,,"April 13, 2013",17:13:00,2.06,1.09,3.38,37.4,6.78,519,0.420,38.4,1,2,1,50%,2,3,2,2,1,5
T72,"April 13, 2013",Gendrassa,"Thomas, Issa",Fadamia Al Um,TS18,10:05:00,3.40,3.20,3.43,29.1,6.65,705,0.487,25.9,Y,4,2,3,2,3,1,1,10:20:00,3.20,3.30,2.09,30.1,6.76,691,0.391,87,T,72,88,E,75,,,,74,,10:25:00,10:27:00,0:02:00,,10:29:00,3.40,3.30,2.94,30.1,6.72,625,0.635,,,"April 13, 2013",17:09:00,0.25,0.42,8.47,31.9,0.34,407,0.409,39.4,2,2,1,50%,2,3,2,3,1,1
T73,"April 13, 2013",Gendrassa,"Thomas, Issa",Fadamia Al Um,TS18,10:45:00,3.30,3.20,2.41,29.9,6.58,577,0.429,29.3,Y,4,2,4,1,1,1,5,10:52:00,3.50,3.40,1.89,30.1,6.73,,0.332,170,T,141,189,E,161,,,,151,,10:01:00,10:05:00,0:04:00,,11:00:00,3.30,3.10,2.04,31.1,6.81,684,0.462,,,"April 13, 2013",17:33:00,2.80,2.60,1.80,38.1,6.91,401,0.472,28.8,2,1,1,25%,1,4,1,1,1,5
T74,"April 13, 2013",Gendrassa,"Thomas, Issa",Fadamia Al Um,TS18,11:28:00,0.64,0.76,1.64,30.1,6.51,517,0.551,26.5,Y,4,2,5,2,3,1,6,11:38:00,0.58,0.64,1.48,30.2,6.64,488,0.380,120,T,100,117,E,99,,,,100,,11:46:00,11:50:00,0:04:00,,11:55:00,0.45,0.52,1.07,30.2,6.63,442,0.403,,,"April 13, 2013",17:01:00,0.16,0.20,1.84,32.5,1.47,371,0.516,33.9,1,2,1,5%,2,2,2,3,1,6
T75,"April 13, 2013",Gendrassa,"Thomas, Issa",Fadamia Al Um,TS18,12:08:00,0.72,0.82,1.90,30.1,6.48,443,0.382,24.7,Y,4,2,5,2,3,1,6,12:16:00,0.72,0.08,1.51,29.7,6.65,475,0.339,230,T,191,210,E,179,,,,185,,12:24:00,12:29:00,0:05:00,,12:31:00,0.63,0.76,1.58,30.6,6.73,436,0.451,,,"April 13, 2013",16:57:00,0.43,0.41,1.35,33.3,,404,0.571,29.7,1,2,2,50%,3,6,1,3,1,6
S86,"April 13, 2013",Gendrassa,"Simon, Kahlil",Fadamia Al Um,TS18,8:34:00,3.00,3.00,0.96,27.8,3.40,845,,21.4,Y,4,1,6,1,2,1,5,8:46:00,3.30,3.20,0.97,28.6,6.67,766,,380,S,277,363,K,290,,,,284,,8:54:00,8:59:00,0:05:00,,9:00:00,3.10,3.00,1.37,28.8,6.80,720,,,,"April 13, 2013",16:22:00,2.40,2.40,1.50,35.3,6.88,967,,35.2,2,2,2,100%,3,6,1,2,1,5
S87,"April 13, 2013",Gendrassa,"Simon, Kahlil",Fadamia Al Um,TS18,9:17:00,3.40,3.20,1.07,28.7,6.60,722,,24.5,Y,4,1,4,1,2,1,5,9:32:00,3.40,3.20,1.56,29.4,6.64,703,,30,S,22,25,K,20,,,,21,,9:39:00,9:40:00,0:01:00,,9:42:00,3.20,3.20,1.28,28.7,6.64,656,,,,"April 13, 2013",17:28:00,2.70,2.60,4.93,36.2,6.78,655,,31.7,2,2,2,100%,3,4,1,2,1,5
S88,"April 13, 2013",Gendrassa,"Simon, Kahlil",Fadamia Al Um,TS18,9:52:00,3.20,3.10,1.55,29.8,6.48,694,,22.8,Y,4,1,5,2,3,1,5,10:00:00,3.20,3.20,1.03,28.7,6.56,739,,260,S,190,244,K,195,,,,193,,10:10:00,10:13:00,0:03:00,,10:15:00,3.00,2.80,4.52,30.4,6.73,703,,,,"April 13, 2013",17:47:00,2.60,2.50,3.29,36.4,6.69,683,,34.0,1,2,1,25%,2,5,1,2,1,5
S89,"April 13, 2013",Gendrassa,"Simon, Kahlil",Fadamia Al Um,TS18,10:32:00,3.10,3.00,1.32,29.7,6.57,708,,28.5,Y,4,1,5,2,3,1,6,10:41:00,3.30,3.20,1.46,29.6,6.61,656,,110,S,80,102,K,82,,,,81,,10:49:00,10:51:00,0:02:00,,10:55:00,3.30,3.10,0.95,30.3,6.72,688,,,,"April 13, 2013",17:10:00,0.00,0.00,13.50,32.2,6.66,354,,31.2,1,2,1,10%,3,10,2,3,1,1
S90,"April 13, 2013",Gendrassa,"Simon, Kahlil",Fadamia Al Um,TS18,11:08:00,0.54,0.71,0.67,29.8,6.24,549,,28.1,Y,4,1,5,2,3,1,5,11:24:00,0.49,0.59,1.02,29.6,6.55,500,,170,S,124,153,K,122,,,,123,,11:34:00,11:37:00,0:03:00,,11:38:00,0.41,0.51,0.76,30.1,6.52,467,,,,"April 13, 2013",16:50:00,0.17,0.23,2.23,34.6,6.85,419,,32.8,2,2,1,25%,2,5,2,3,1,5
S91,"April 13, 2013",Gendrassa,"Simon, Kahlil",Fadamia Al Um,TS18,11:54:00,0.56,0.72,0.01,29.8,6.55,514,,28.4,Y,4,1,5,2,3,1,5,12:11:00,0.51,0.66,0.45,30.5,6.33,735,,80,S,58,70,K,56,,,,57,,12:22:00,12:24:00,0:02:00,,12:27:00,0.43,0.52,0.44,31.2,6.64,466,,,,"April 13, 2013",18:03:00,1.50,1.54,5.81,34.4,7.00,576,,35.2,1,1,1,50%,1,1,2,3,1,3
S92,"April 15, 2013",Gendrassa,"Simon, Kahlil",Near UNOPS,TS15,9:40:00,0.45,0.45,1.11,29.9,5.64,496,0.442,31.9,Y,4,1,5,2,3,1,1,10:03:00,0.39,0.46,1.50,30.5,6.54,476,0.442,290,S,212,285,K,228,,,,220,,10:13:00,10:17:00,0:04:00,,10:19:00,0.29,0.35,1.32,31.6,6.68,486,0.445,,,"April 15, 2013",16:45:00,0.10,0.16,4.53,33.6,7.36,354,0.457,34.8,2,2,1,10%,2,5,2,3,1,1
S93,"April 15, 2013",Gendrassa,"Simon, Kahlil",Near UNOPS,TS14,10:45:00,0.26,0.27,0.66,30.4,4.89,517,0.468,30.6,Y,4,1,4,2,2,1,5,10:54:00,0.37,0.39,1.46,30.3,6.61,461,0.440,190,S,139,180,K,144,,,,141,,11:05:00,11:08:00,0:03:00,,11:11:00,0.31,0.34,1.38,31.2,6.74,494,0.446,,,"April 15, 2013",17:05:00,0.10,0.13,2.86,33.1,7.11,338,0.453,33.5,2,2,1,10%,3,4,2,2,1,5
S94,"April 15, 2013",Gendrassa,"Simon, Kahlil",Near UNOPS,TS14,11:26:00,0.29,0.37,0.62,30.1,6.58,530,0.456,30.4,Y,4,1,5,2,3,1,5,12:00:00,0.58,0.64,0.75,31.1,6.48,508,0.430,180,S,131,172,K,138,,,,135,,12:08:00,12:12:00,0:04:00,,12:14:00,0.29,0.27,1.66,30.8,6.70,502,0.441,,,"April 15, 2013",17:35:00,0.18,0.23,1.49,30.5,6.69,476,0.443,32.5,1,2,1,50%,3,4,1,2,1,5
S95,"April 15, 2013",Gendrassa,"Simon, Kahlil",Near UNOPS,TS14,12:30:00,0.36,0.34,0.39,31.4,6.60,507,0.453,32.5,Y,4,1,6,2,2,1,5,12:46:00,0.27,0.33,1.66,30.9,6.55,465,0.443,220,S,161,205,K,164,,,,162,,12:58:00,12:59:00,0:01:00,,13:02:00,0.18,0.20,1.48,31.6,6.72,458,0.460,,,"April 15, 2013",17:22:00,0.11,0.17,3.03,32.3,7.82,368,0.457,34.7,2,2,1,10%,2,6,1,2,1,5
T76,"April 15, 2013",Gendrassa,"Thomas, Issa",Near UNOPS,TS15,9:27:00,0.44,0.46,1.35,30.1,6.83,477,0.463,33.2,Y,4,2,5,2,3,1,6,9:58:00,0.44,0.45,2.38,30.1,6.87,462,0.430,351,T,291,353,E,300,,,,296,,10:17:00,10:19:00,0:02:00,,10:23:00,0.38,0.42,1.80,30.4,6.90,463,0.615,,,"April 15, 2013",16:47:00,0.27,0.29,2.89,32.1,6.92,407,0.614,35.7,2,2,2,50%,2,5,2,3,1,6
T77,"April 15, 2013",Gendrassa,"Thomas, Issa",Near UNOPS,TS14,10:52:00,0.44,0.46,1.16,30.6,6.80,472,0.624,33.5,Y,4,2,4,1,1,1,5,10:56:00,0.38,0.40,0.23,30.1,6.90,480,0.456,321,T,266,310,E,264,,,,265,,11:06:00,11:13:00,0:07:00,,11:14:00,0.33,0.37,0.66,30.5,6.81,443,0.566,,,"April 15, 2013",,,,,,,,,,,,,,,,,,,
T78,"April 15, 2013",Gendrassa,"Thomas, Issa",Near UNOPS,TS14,11:30:00,0.43,0.42,1.08,30.5,6.74,496,0.501,31.2,Y,4,2,5,2,3,1,5,11:58:00,0.29,0.36,1.37,31.2,6.90,443,0.471,170,T,141,181,E,154,,,,147,,12:10:00,12:13:00,0:03:00,,12:14:00,0.28,0.31,2.79,30.9,6.91,447,0.570,,,"April 15, 2013",17:29:00,0.12,0.14,1.33,34.4,7.90,307,0.670,33.7,1,2,1,10%,2,3,2,3,1,5
T79,"April 15, 2013",Gendrassa,"Thomas, Issa",Near UNOPS,TS14,12:33:00,0.31,0.36,0.81,30.9,6.72,438,0.549,32.4,Y,4,2,2,1,1,1,5,12:52:00,0.39,0.39,0.20,30.9,6.81,458,0.428,61,T,51,60,E,51,,,,51,,12:56:00,12:59:00,0:03:00,,13:00:00,0.35,0.35,1.55,31.9,6.87,455,0.592,,,"April 15, 2013",17:13:00,0.07,0.13,0.92,37.9,6.95,336,0.334,30.3,2,2,1,50%,2,2,1,1,1,5
T80,"April 16, 2013",Gendrassa,"Thomas, Issa",Tayba,TS6,8:31:00,2.20,1.20,2.23,29.6,7.34,641,0.920,23.8,Y,4,2,5,2,2,1,6,8:41:00,2.20,2.10,2.56,30.6,7.38,655,0.865,260,T,216,270,E,230,,,,223,,8:45:00,8:53:00,0:08:00,,8:55:00,2.00,1.96,1.70,29.6,7.45,641,0.95,,,"April 16, 2013",17:51:00,1.01,1.09,2.16,34.3,,702,0.849,30.4,1,2,1,15%,2,10,2,2,1,1
T81,"April 16, 2013",Gendrassa,"Thomas, Issa",Tayba,TS6,9:10:00,2.20,2.10,2.03,30.2,7.29,672,1.04,26.1,Y,4,2,5,2,3,1,5,9:19:00,2.30,2.00,2.65,30.9,7.43,696,0.850,263,T,218,250,E,213,,,,215,,9:24:00,9:30:00,0:06:00,,9:30:00,0.10,2.00,1.49,31.9,7.43,684,0.93,,,"April 16, 2013",17:19:00,1.50,1.44,1.44,37.3,7.44,698,0.92,34.7,2,2,1,50%,2,5,2,3,1,5
T82,"April 16, 2013",Gendrassa,"Thomas, Issa",Tayba,TS6,9:46:00,2.30,2.20,1.52,30.6,,699,0.827,26.2,Y,4,2,4,1,2,1,5,9:55:00,2.10,2.02,1.50,30.8,7.08,798,0.852,400,T,332,315,E,268,,,,300,,10:01:00,10:05:00,0:04:00,,10:11:00,2.10,2.02,2.68,31.1,7.42,691,1.00,,,"April 16, 2013",17:33:00,0.10,1.08,1.25,38.2,7.31,603,0.81,29.5,2,2,1,50%,3,4,1,2,1,5
T83,"April 16, 2013",Gendrassa,"Thomas, Issa",Tayba,TS6,10:22:00,2.30,2.20,1.27,30.9,7.28,720,0.91,28.9,Y,4,2,5,2,2,1,5,10:29:00,2.20,2.10,1.52,30.5,7.41,719,0.854,170,T,141,100,E,85,,,,113,,10:36:00,10:43:00,0:07:00,,10:46:00,2.20,2.10,1.37,31.1,7.37,715,1.05,,,"April 16, 2013",17:05:00,1.68,1.66,2.53,37.1,7.47,623,0.94,30.4,1,2,1,50%,2,3,2,2,1,5
T84,"April 16, 2013",Gendrassa,"Thomas, Issa",Tayba,TS6,11:10:00,2.30,2.30,2.74,30.7,7.24,707,0.837,29.4,Y,4,2,5,2,2,1,6,11:13:00,2.20,2.30,2.28,30.9,7.36,725,0.795,80,T,66,90,E,77,,,,71,,11:15:00,11:18:00,0:03:00,,11:22:00,2.30,2.10,1.94,31.2,7.38,737,1.13,,,"April 16, 2013",16:49:00,1.78,1.74,2.53,37.3,7.63,651,1.02,37.7,2,2,1,50%,2,5,2,2,1,6
T85,"April 16, 2013",Gendrassa,"Thomas, Issa",Tayba,TS6,11:36:00,2.30,2.20,0.97,30.9,7.28,695,0.97,29.9,Y,4,2,6,1,1,1,5,11:47:00,2.10,2.02,1.71,32.3,7.43,712,0.802,250,T,208,240,E,204,,,,206,,11:50:00,11:57:00,0:07:00,,11:59:00,2.00,1.96,0.95,31.9,7.45,675,0.867,,,"April 16, 2013",18:11:00,1.64,1.66,3.50,36.8,7.45,697,0.809,29.7,2,2,1,50%,2,6,1,1,1,5
T86,"April 16, 2013",Gendrassa,"Thomas, Issa",Tayba,TS6,12:17:00,2.30,0.02,0.31,32.4,7.24,677,0.828,31.7,Y,4,2,5,2,2,1,5,12:24:00,1.76,1.78,5.06,32.4,7.38,702,0.857,219,T,182,217,E,184,,,,183,,12:30:00,12:34:00,0:04:00,,12:29:00,1.42,1.44,3.02,32.4,7.47,670,0.91,,,"April 16, 2013",,,,,,,,,,,,,0%,,,,,,
S96,"April 16, 2013",Gendrassa,"Simon, Kahlil",Tayba,TS6,8:20:00,2.30,2.20,1.79,29.7,7.27,671,0.832,23.3,Y,4,1,5,2,3,1,5,8:36:00,2.30,2.30,1.71,30.2,7.28,665,0.828,270,S,197,263,K,210,,,,204,,8:44:00,8:48:00,0:04:00,,8:49:00,2.30,2.20,2.22,30.1,7.35,683,0.840,,,"April 16, 2013",16:43:00,1.88,1.88,1.38,40.9,7.42,704,0.753,37.7,2,2,2,100%,2,5,2,3,1,5
S97,"April 16, 2013",Gendrassa,"Simon, Kahlil",Tayba,TS6,9:02:00,2.30,2.20,1.51,30.1,7.22,716,0.833,25.5,Y,4,1,5,2,3,1,5,9:16:00,2.00,2.00,2.92,30.1,7.27,721,0.825,90,S,66,85,K,68,,,,67,,9:24:00,9:25:00,0:01:00,,9:26:00,2.10,2.02,3.43,30.5,7.30,722,0.831,,,"April 16, 2013",17:26:00,1.70,1.66,3.59,36.0,7.71,722,0.884,34.9,2,2,1,10%,2,5,2,3,1,5
S98,"April 16, 2013",Gendrassa,"Simon, Kahlil",Tayba,TS6,9:38:00,2.40,2.30,1.14,30.3,7.27,731,0.844,26.6,Y,4,1,4,2,3,1,5,9:50:00,1.90,1.88,2.32,29.8,7.28,689,0.830,260,S,190,244,K,195,,,,193,,9:58:00,10:02:00,0:04:00,,10:04:00,2.02,2.02,1.70,30.9,7.35,728,0.847,,,"April 16, 2013",16:55:00,0.61,0.76,3.59,36.4,7.56,616,0.857,36.1,2,2,1,10%,1,4,2,3,1,5
S99,"April 16, 2013",Gendrassa,"Simon, Kahlil",Tayba,TS6,10:16:00,2.30,2.30,1.05,30.7,7.27,725,0.831,29.3,Y,4,1,5,2,3,1,5,10:20:00,2.20,2.10,1.55,31.5,7.28,735,0.836,360,S,263,348,K,278,,,,271,,10:37:00,10:40:00,0:03:00,,10:41:00,2.10,2.10,1.57,31.7,7.38,712,0.859,,,"April 16, 2013",17:10:00,1.90,1.90,2.01,34.6,7.42,704,0.838,36.7,2,1,1,100%,1,5,2,3,1,5
S100,"April 16, 2013",Gendrassa,"Simon, Kahlil",Tayba,TS6,10:55:00,2.30,2.30,3.14,31.4,7.28,726,0.847,31.7,Y,4,1,5,2,3,1,6,11:09:00,2.00,1.96,2.35,31.3,7.27,715,0.833,130,S,95,125,K,100,,,,97,,11:15:00,11:18:00,0:03:00,,11:20:00,2.20,2.20,1.18,31.4,7.35,738,0.838,,,"April 16, 2013",17:54:00,1.92,1.90,1.83,37.6,7.49,721,0.845,34.7,1,2,1,10%,2,9,2,2,1,4
S101,"April 16, 2013",Gendrassa,"Simon, Kahlil",Tayba,TS6,11:30:00,2.20,2.20,1.79,30.1,7.27,780,0.843,30.6,Y,4,1,6,2,2,1,5,11:43:00,1.86,1.84,1.12,30.8,7.33,726,0.832,100,S,73,90,K,72,,,,73,,11:51:00,11:53:00,0:02:00,,11:55:00,1.36,1.38,2.32,32.2,7.32,732,0.847,,,"April 16, 2013",18:06:00,0.06,0.13,5.43,37.6,7.92,326,0.878,35.0,1,2,1,10%,1,6,2,3,1,5
S102,"April 16, 2013",Gendrassa,"Simon, Kahlil",Tayba,TS6,12:08:00,2.30,2.30,1.41,32.0,7.23,754,0.862,30.0,Y,4,1,4,2,3,1,5,12:19:00,1.56,1.60,1.45,32.4,7.33,733,0.843,240,S,175,220,K,176,,,,176,,12:27:00,12:31:00,0:04:00,,12:32:00,1.28,1.30,2.32,32.3,7.44,704,0.867,,,"April 16, 2013",17:40:00,0.62,0.68,3.05,35.6,7.54,633,0.841,35.1,2,2,1,100%,1,4,2,3,1,5
T87,"April 17, 2013",Gendrassa,"Thomas, Issa",Fadamia Al Um,TS19,8:45:00,1.24,1.24,2.46,30.2,6.35,672,0.648,25.8,Y,4,2,4,1,1,1,5,8:58:00,1.26,1.24,2.57,30.9,6.82,645,0.373,71,T,59,71,E,60,,,,60,,9:08:00,9:09:00,0:01:00,,9:09:00,1.18,1.16,2.05,30.2,6.79,670,0.581,,,"April 17, 2013",17:39:00,0.23,0.92,2.52,36.7,6.85,506,0.587,33.3,2,2,1,50%,3,4,1,1,1,5
T88,"April 17, 2013",Gendrassa,"Thomas, Issa",Fadamia Al Um,TS19,9:26:00,1.32,1.24,2.53,30.9,6.66,784,0.486,26.1,Y,4,2,5,2,2,1,6,9:31:00,1.20,1.22,2.37,30.9,6.79,709,0.366,81,T,67,90,E,77,,,,72,,9:39:00,9:41:00,0:02:00,,9:41:00,1.18,1.20,2.80,30.7,6.89,743,0.519,,,"April 17, 2013",17:18:00,1.04,0.18,3.26,38.9,6.84,503,0.486,31.5,2,2,1,50%,2,5,2,2,1,6
T89,"April 17, 2013",Gendrassa,"Thomas, Issa",Fadamia Al Um,TS19,9:53:00,1.24,1.30,2.25,31.3,6.65,691,0.462,27.4,Y,4,2,5,1,2,1,5,10:11:00,1.42,1.24,2.63,30.9,6.81,695,0.360,91,T,76,95,E,81,,,,78,,10:10:00,10:12:00,0:02:00,,10:14:00,1.16,1.14,2.97,31.1,6.84,661,0.530,,,"April 17, 2013",17:58:00,0.07,0.06,1.75,35.9,6.72,643,0.497,33.9,2,2,1,50%,2,5,2,2,1,5
T90,"April 17, 2013",Gendrassa,"Thomas, Issa",Fadamia Al Um,TS19,10:37:00,1.16,1.16,3.43,31.5,6.65,715,0.473,28.1,Y,4,2,4,1,1,1,5,10:51:00,1.20,1.18,3.48,31.4,6.80,681,0.382,30,T,25,40,E,34,,,,29,,10:57:00,10:58:00,0:01:00,,11:09:00,1.10,1.12,2.86,31.5,6.84,645,0.486,,,"April 17, 2013",17:01:00,1.08,1.08,2.58,36.2,6.73,591,0.442,34.5,2,2,1,25%,3,4,1,1,1,5
T91,"April 17, 2013",Gendrassa,"Thomas, Issa",Fadamia Al Um,TS19,11:23:00,1.08,1.06,1.22,31.7,6.64,644,0.569,34.7,Y,4,2,5,2,3,1,5,11:43:00,0.10,0.05,1.25,31.4,6.68,499,0.367,156,T,129,155,E,132,,,,131,,11:36:00,11:41:00,0:05:00,,11:26:00,0.02,0.05,0.79,31.8,6.71,432,0.475,,,"April 17, 2013",,,,,,,,,,,,1,0%,,,,,,
S103,"April 17, 2013",Gendrassa,"Simon, Kahlil",Fadamia Al Um,TS19,8:40:00,1.22,1.20,2.25,30.3,6.56,721,0.396,26.4,Y,4,1,5,2,3,1,6,8:56:00,1.14,1.18,3.27,30.3,6.69,728,0.346,60,S,44,45,K,36,,,,40,,9:05:00,9:06:00,0:01:00,,9:08:00,1.14,1.18,4.73,30.4,6.83,728,0.372,,,"April 17, 2013",17:40:00,,,,,,,,30.8,,,1,0%,,,,,,
S104,"April 17, 2013",Gendrassa,"Simon, Kahlil",Fadamia Al Um,TS19,9:20:00,1.16,1.18,2.25,31.0,6.64,749,0.351,29.3,Y,4,1,4,2,2,1,5,9:29:00,1.10,1.08,2.81,31.0,6.66,722,0.346,99,S,72,90,K,72,,,,72,,9:35:00,9:37:00,0:02:00,,9:39:00,0.99,1.04,2.48,31.0,6.75,721,0.356,,,"April 17, 2013",17:09:00,0.98,1.01,2.49,37.1,5.11,672,0.375,35.2,2,2,2,100%,1,4,2,2,1,5
S105,"April 17, 2013",Gendrassa,"Simon, Kahlil",Fadamia Al Um,TS19,9:51:00,1.12,1.18,3.88,31.2,6.60,746,0.457,29.9,Y,4,1,5,2,3,1,6,10:02:00,1.20,1.18,3.23,31.1,6.60,733,0.352,70,S,51,60,K,48,,,,50,,10:08:00,10:09:00,0:01:00,,10:10:00,1.16,1.16,3.20,31.6,6.73,719,0.378,,,"April 17, 2013",17:47:00,0.78,0.82,2.52,36.5,6.81,602,0.405,31.9,2,2,2,100%,2,5,2,3,1,6
S106,"April 17, 2013",Gendrassa,"Simon, Kahlil",Fadamia Al Um,TS19,10:20:00,1.22,1.22,2.59,31.1,6.04,730,0.363,29.4,Y,4,1,5,2,2,1,5,10:51:00,1.26,1.14,1.92,31.8,6.56,700,0.349,260,S,190,240,K,192,,,,191,,10:59:00,11:03:00,0:04:00,,11:05:00,0.97,1.00,2.26,32.4,7.89,748,0.366,,,"April 17, 2013",17:26:00,0.80,0.84,2.26,34.9,7.01,673,0.359,32.9,2,2,1,50%,2,5,2,2,1,5
S107,"April 17, 2013",Gendrassa,"Simon, Kahlil",Fadamia Al Um,TS19,11:22:00,1.22,1.20,2.37,31.7,6.58,734,0.401,29.6,Y,4,1,5,2,2,1,6,11:31:00,0.11,0.11,1.51,31.5,6.57,487,0.349,310,S,226,299,K,239,,,,233,,11:41:00,11:44:00,0:03:00,,11:46:00,0.08,0.11,1.38,32.5,6.67,440,0.354,,,"April 17, 2013",16:36:00,0.08,0.12,1.95,36.9,6.82,394,0.402,35.9,1,2,1,50%,2,5,2,2,1,6
T92,"April 18, 2013",Gendrassa,"Thomas, Issa",Kukur Al Umm,TS1,8:39:00,0.19,0.24,1.36,30.2,6.74,431,0.549,28.8,Y,4,2,4,2,2,1,5,9:05:00,0.20,0.21,1.65,29.9,6.52,394,0.432,200,T,166,210,E,179,,,,172,,9:11:00,9:15:00,0:04:00,,9:17:00,0.07,0.07,2.83,29.7,6.73,348,0.634,,,"April 18, 2013",16:33:00,0.11,0.18,0.56,35.5,7.06,316,0.504,36.1,1,2,2,100%,2,4,1,1,1,5
T93,"April 18, 2013",Gendrassa,"Thomas, Issa",Kukur Al Umm,TS1,9:30:00,0.20,0.44,0.01,29.9,6.35,406,0.627,27.2,Y,4,2,4,1,1,1,5,9:45:00,0.10,0.16,0.82,29.8,6.72,372,0.454,136,T,113,144,E,122,,,,118,,9:45:00,9:49:00,0:04:00,,9:56:00,0.06,0.07,0.96,29.5,6.92,382,0.544,,,"April 18, 2013",17:09:00,0.10,0.14,2.31,35.7,7.00,304,0.485,34.6,2,2,2,100%,2,4,1,1,1,5
T94,"April 18, 2013",Gendrassa,"Thomas, Issa",Kukur Al Umm,TS1,10:13:00,0.12,0.31,0.99,29.9,6.74,408,0.520,27.2,Y,4,2,4,1,1,1,5,10:19:00,0.17,0.23,2.08,30.7,6.89,407,0.433,80,T,66,90,E,77,,,,71,,10:22:00,10:24:00,0:02:00,,10:25:00,0.19,0.32,2.14,31.1,6.84,402,0.518,,,"April 18, 2013",17:35:00,0.07,0.07,17.40,33.5,2.59,277,0.491,31.5,2,2,1,50%,2,4,1,3,1,5
T95,"April 18, 2013",Gendrassa,"Thomas, Issa",Kukur Al Umm,TS1,10:40:00,0.24,0.32,1.16,30.3,6.72,408,0.521,27.5,Y,4,2,5,2,3,1,5,10:45:00,0.12,0.16,0.63,30.8,6.87,395,0.436,120,T,100,129,E,110,,,,105,,10:51:00,10:53:00,0:02:00,,10:56:00,0.16,0.17,1.22,31.4,6.89,376,0.463,,,"April 18, 2013",17:27:00,0.07,0.06,0.01,35.1,2.06,303,0.482,31.9,2,2,1,50%,2,5,2,1,1,5
T96,"April 18, 2013",Gendrassa,"Thomas, Issa",Kukur Al Umm,TS1,11:10:00,0.21,0.23,0.63,30.4,6.43,394,0.647,29.2,Y,4,2,5,2,3,1,5,11:25:00,0.19,0.26,0.01,30.5,6.89,377,0.437,200,T,166,290,E,247,,,,206,,11:30:00,11:36:00,0:06:00,,11:41:00,0.24,0.23,1.14,31.7,6.80,367,0.503,,,"April 18, 2013",16:49:00,0.11,0.10,0.85,39.6,7.09,313,0.516,34.9,1,2,2,100%,2,4,1,1,1,5
T97,"April 18, 2013",Gendrassa,"Thomas, Issa",Kukur Al Umm,TS1,11:52:00,0.18,0.22,0.34,30.7,6.44,394,0.534,28.6,Y,4,2,5,2,3,1,5,12:03:00,0.12,0.16,1.36,31.3,6.41,392,0.401,92,T,76,94,E,80,,,,78,,12:07:00,12:11:00,0:04:00,,12:12:00,0.16,0.19,0.89,31.3,6.86,371,0.553,,,"April 18, 2013",17:55:00,0.06,0.10,0.14,36.8,6.94,305,0.466,31.3,2,2,1,50%,2,5,2,3,1,5
S108,"April 18, 2013",Gendrassa,"Simon, Kahlil",Kukur Al Umm,TS1,8:45:00,0.28,0.27,0.75,29.9,6.75,530,0.404,28.6,Y,4,1,5,2,3,1,5,9:03:00,0.12,0.19,1.73,29.5,6.81,401,0.390,190,S,139,183,K,146,,,,143,,9:12:00,9:14:00,0:02:00,,9:17:00,0.06,0.05,1.40,30.1,7.06,379,0.399,,,"April 18, 2013",16:28:00,0.03,0.09,2.84,35.9,7.50,260,0.402,36.3,1,2,1,50%,1,4,1,2,1,5
S109,"April 18, 2013",Gendrassa,"Simon, Kahlil",Kukur Al Umm,TS1,9:30:00,0.26,0.25,1.12,30.2,6.76,379,0.474,29.4,Y,4,1,5,2,2,1,6,9:43:00,0.17,0.20,1.17,30.1,6.79,431,0.391,290,S,212,273,K,218,,,,215,,9:51:00,9:54:00,0:03:00,,9:55:00,0.15,0.22,1.73,30.6,5.14,409,0.401,,,"April 18, 2013",16:41:00,0.08,0.13,0.14,38.2,6.97,316,0.398,34.1,2,2,2,100%,2,5,2,2,1,6
S110,"April 18, 2013",Gendrassa,"Simon, Kahlil",Kukur Al Umm,TS1,10:09:00,0.20,0.26,0.92,30.2,6.80,498,0.399,28.6,Y,4,1,5,2,3,1,5,10:20:00,0.17,0.18,1.27,30.5,6.77,460,0.389,180,S,131,170,K,136,,,,134,,10:26:00,10:28:00,0:02:00,,10:30:00,0.17,0.17,0.94,31.7,5.61,502,0.400,,,"April 18, 2013",17:08:00,0.06,0.09,1.30,36.2,7.01,307,0.423,32.8,2,2,1,50%,2,5,2,3,1,5
S111,"April 18, 2013",Gendrassa,"Simon, Kahlil",Kukur Al Umm,TS1,10:41:00,0.31,0.28,0.15,31.2,6.81,471,0.432,32.3,Y,4,1,5,2,3,1,5,10:52:00,0.06,0.10,1.51,30.5,6.77,419,0.391,130,S,95,120,K,96,,,,95,,11:00:00,11:02:00,0:02:00,,11:03:00,0.06,0.09,1.08,30.9,4.53,376,0.403,,,"April 18, 2013",17:28:00,0.01,0.02,1.37,36.8,7.00,287,0.399,34.3,2,2,2,100%,2,5,2,3,1,5
S112,"April 18, 2013",Gendrassa,"Simon, Kahlil",Kukur Al Umm,TS1,11:10:00,0.23,0.24,0.01,30.4,6.80,417,0.410,28.7,Y,4,1,5,2,3,1,5,11:27:00,0.16,0.19,1.86,31.0,6.78,377,0.392,240,S,175,230,K,184,,,,180,,11:33:00,11:36:00,0:03:00,,11:38:00,0.09,0.11,3.61,31.8,6.88,362,0.411,,,"April 18, 2013",16:54:00,0.05,0.10,2.57,36.0,7.11,292,0.403,36.4,2,2,1,50%,2,5,2,3,1,5
S113,"April 18, 2013",Gendrassa,"Simon, Kahlil",Kukur Al Umm,TS1,11:50:00,0.27,0.32,1.00,31.4,6.75,460,0.405,28.9,Y,4,1,5,2,3,1,5,12:06:00,0.20,0.18,1.31,31.4,6.59,425,0.394,290,S,212,280,K,224,,,,218,,12:12:00,12:15:00,0:03:00,,12:17:00,0.17,0.25,1.99,32.6,6.94,404,0.399,,,"April 18, 2013",17:19:00,,,,,,,,35.9,,,1,0%,,,,,,
